Workbook

Sheet 00_How_to_use
A1: BATCH 1 · HOW TO USE THIS WORKBOOK
A2: Keep this file as the single register for weekend Batch 1.
A3: Batch 1 · Weekend batch (Sat–Sun) · 8 members · Attendance + topic tracker
B5: Sheet | C5: What it is for | D5: You type here?
B6: 01_Roster | C6: Batch info and 8 member names. Change names only in column E. | D6: Yes — names & meta
B7: 02_Session_Plan | C7: Weekend calendar: topic, sub-topic, lab/activity, hours, status. | D7: Yes — topics/status
B8: 03_Attendance | C8: Daily register. Members down the side, dates across. Use the drop-down. | D8: Yes — P / A / L / E
B9: 04_Topic_Matrix | C9: Same marks, pivoted as topic rows × member columns (your original layout, cleaned). | D9: No — linked
B10: 05_Summary | C10: Attendance % , standing (Excellent / Good / Watch / At risk), and a chart. | D10: No — linked
B12: Marking: P Present · A Absent · L Late (still counts as present) · E Excused (not absent). Dates included: every Saturday & Sunday from 22-Aug-2026 to 27-Sep-2026 (12 sessions / 6 weekends). Topics follow a Cloud → Azure → ADF → Databricks → Synapse path, matching your sample (Cloud types, ADF Copy). Replace Member 01–08 and tutor name on the Roster. Add more date columns only if you also extend the Session Plan.

Sheet 01_Roster
A1: BATCH 1 · CLASS ROSTER
A2: Update names once here. Attendance and summary sheets pick them up automatically.
A3: Batch 1 · Weekend batch (Sat–Sun) · 8 members · Attendance + topic tracker
A5: BATCH DETAILS | D5: MEMBERS (edit names in column E)
A6: Batch name | B6: Batch 1 | D6: Sr | E6: Full name | F6: Contact / notes
A7: Mode | B7: Weekend (Saturday & Sunday) | D7: 1 | E7: Amit K
A8: Strength | B8: 8 | D8: 2 | E8: Chandru
A9: Tutor | B9: Tutor | D9: 3 | E9: Vishal U
A10: Start date | B10: 46256 | D10: 4 | E10: Vinay G
A11: Venue / platform | B11: To be filled | D11: 5 | E11: Meghna
A12: Timing | B12: To be filled (e.g. 10:00–13:00) | D12: 6 | E12: Dhaya
A13: Marking key | B13: P = Present A = Absent L = Late E = Excused | D13: 7 | E13: Rahul T
D14: 8 | E14: Pradeep P
A15: Tip: Type actual student names in E7:E14. Do not insert/delete rows in that block — other sheets are linked to these cells.

Sheet 02_Session_Plan
A1: BATCH 1 · SESSION PLAN
A2: Topic-wise weekend calendar. Update status after each class.
A3: Batch 1 · Weekend batch (Sat–Sun) · 8 members · Attendance + topic tracker
A5: Sr | B5: Week | C5: Date | D5: Day | E5: Topic | F5: Sub-topic | G5: Activity / lab | H5: Hrs | I5: Status
A6: 1 | B6: 1 | C6: 46256 | D6: Saturday | E6: Introduction to Cloud | F6: Why Cloud, IaaS / PaaS / SaaS | G6: Concept + Q&A | H6: 3 | I6: Completed
A7: 2 | B7: 1 | C7: 46257 | D7: Sunday | E7: Introduction to Cloud | F7: Public / Private / Hybrid / Multi-cloud | G7: Concept + comparison table | H7: 3 | I7: Completed
A8: 3 | B8: 2 | C8: =C6+7 -> 46263 | D8: Saturday | E8: Azure Fundamentals/Azure Storage | F8: Subscriptions, Resource Groups, Regions | G8: Portal walkthrough | H8: 3 | I8: Completed
A9: 4 | B9: 2 | C9: =C8+1 -> 46264 | D9: Sunday | E9: Azure Data Factory | F9: Blob, ADLS Gen2, containers | G9: Lab: create storage + upload | H9: 3 | I9: Completed
A10: 5 | B10: 3 | C10: =C8+7 -> 46270 | D10: Saturday | E10: Azure Data Factory | F10: ADF overview, linked services, datasets | G10: Demo | H10: 3 | I10: Completed
A11: 6 | B11: 3 | C11: =C10+1 -> 46271 | D11: Sunday | E11: Azure Data Factory | F11: Copy Activity (file → ADLS / SQL) | G11: Lab: Copy pipeline | H11: 3 | I11: Completed
A12: 7 | B12: 4 | C12: =C10+7 -> 46277 | D12: Saturday | E12: Azure Data Factory | F12: Test & ADF Assignment 1 | G12: Lab: scheduled copy | H12: 3 | I12: Completed
A13: 8 | B13: 4 | C13: =C12+1 -> 46278 | D13: Sunday | E13: Holiday | F13: Holiday | G13: Holiday | H13: 3 | I13: Cancelled
A14: 9 | B14: 5 | C14: =C12+7 -> 46284 | D14: Saturday | E14: SQL Basic | F14: Select, Where, Having | G14: Lab: Spark notebook | H14: 3 | I14: Completed
A15: 10 | B15: 5 | C15: =C14+1 -> 46285 | D15: Sunday | E15: SQL Adavcance | F15: Joins | G15: Lab: bronze table | H15: 3 | I15: Planned
A16: 11 | B16: 6 | C16: =C14+7 -> 46291 | D16: Saturday | E16: Azure Databricks | F16: Dedicated vs serverless, load patterns | G16: Lab: COPY INTO | H16: 3 | I16: Planned
A17: 12 | B17: 6 | C17: =C16+1 -> 46292 | D17: Sunday | E17: End-to-end recap | F17: Ingest → store → transform | G17: Mini project + doubt clearing | H17: 3 | I17: Planned
A18: Total scheduled hours | H18: =SUM(H6:H17) -> 36

Sheet 03_Attendance
A1: BATCH 1 · DAILY ATTENDANCE
A2: Mark P / A / L / E under each weekend date. Names come from the Roster sheet.
A3: Batch 1 · Weekend batch (Sat–Sun) · 8 members · Attendance + topic tracker
C5: Week 1 | E5: Week 2 | G5: Week 3 | I5: Week 4 | K5: Week 5 | M5: Week 6
C6: Introduction to Cloud | D6: Introduction to Cloud | E6: Azure Fundamentals | F6: Azure Storage | G6: Azure Data Factory | H6: Azure Data Factory | I6: Azure Data Factory | J6: Holiday | K6: SQL Basic | L6: SQL Basic | M6: Azure Synapse / SQL | N6: End-to-end recap
A7: Sr | B7: Name | C7: 46256 | D7: 46257 | E7: =C7+7 -> 46263 | F7: =D7+7 -> 46264 | G7: =E7+7 -> 46270 | H7: =F7+7 -> 46271 | I7: =G7+7 -> 46277 | J7: =H7+7 -> 46278 | K7: =I7+7 -> 46284 | L7: =J7+7 -> 46285 | M7: 46291 | N7: 46292 | O7: Present | P7: Absent | Q7: %
A8: 1 | B8: ='01_Roster'!E7 -> Amit K | C8: P | D8: P | E8: P | F8: P | G8: P | H8: P | I8: P | J8: P | K8: P | L8: P | O8: =COUNTIF(C8:N8,"P")+COUNTIF(C8:N8,"L") -> 10 | P8: =COUNTIF(C8:N8,"A") -> 0 | Q8: =IF((COUNTA(C8:N8))=0,"",(COUNTIF(C8:N8,"P")+COUNTIF(C8:N8,"L")+COUNTIF(C8:N8,"E"))/COUNTA(C8:N8)) -> 1
A9: 2 | B9: ='01_Roster'!E8 -> Chandru | C9: P | D9: P | E9: P | F9: P | G9: P | H9: P | I9: P | J9: P | K9: A | L9: P | O9: =COUNTIF(C9:N9,"P")+COUNTIF(C9:N9,"L") -> 9 | P9: =COUNTIF(C9:N9,"A") -> 1 | Q9: =IF((COUNTA(C9:N9))=0,"",(COUNTIF(C9:N9,"P")+COUNTIF(C9:N9,"L")+COUNTIF(C9:N9,"E"))/COUNTA(C9:N9)) -> 0.9
A10: 3 | B10: ='01_Roster'!E9 -> Vishal U | C10: P | D10: P | E10: P | F10: P | G10: P | H10: P | I10: P | J10: P | K10: P | L10: P | O10: =COUNTIF(C10:N10,"P")+COUNTIF(C10:N10,"L") -> 10 | P10: =COUNTIF(C10:N10,"A") -> 0 | Q10: =IF((COUNTA(C10:N10))=0,"",(COUNTIF(C10:N10,"P")+COUNTIF(C10:N10,"L")+COUNTIF(C10:N10,"E"))/COUNTA(C10:N10)) -> 1
A11: 4 | B11: ='01_Roster'!E10 -> Vinay G | C11: P | D11: P | E11: P | F11: P | G11: P | H11: P | I11: P | J11: P | K11: P | L11: P | O11: =COUNTIF(C11:N11,"P")+COUNTIF(C11:N11,"L") -> 10 | P11: =COUNTIF(C11:N11,"A") -> 0 | Q11: =IF((COUNTA(C11:N11))=0,"",(COUNTIF(C11:N11,"P")+COUNTIF(C11:N11,"L")+COUNTIF(C11:N11,"E"))/COUNTA(C11:N11)) -> 1
A12: 5 | B12: ='01_Roster'!E11 -> Meghna | C12: P | D12: P | E12: P | F12: P | G12: P | H12: P | I12: P | J12: P | K12: P | L12: L | O12: =COUNTIF(C12:N12,"P")+COUNTIF(C12:N12,"L") -> 10 | P12: =COUNTIF(C12:N12,"A") -> 0 | Q12: =IF((COUNTA(C12:N12))=0,"",(COUNTIF(C12:N12,"P")+COUNTIF(C12:N12,"L")+COUNTIF(C12:N12,"E"))/COUNTA(C12:N12)) -> 1
A13: 6 | B13: ='01_Roster'!E12 -> Dhaya | K13: P | L13: P | O13: =COUNTIF(C13:N13,"P")+COUNTIF(C13:N13,"L") -> 2 | P13: =COUNTIF(C13:N13,"A") -> 0 | Q13: =IF((COUNTA(C13:N13))=0,"",(COUNTIF(C13:N13,"P")+COUNTIF(C13:N13,"L")+COUNTIF(C13:N13,"E"))/COUNTA(C13:N13)) -> 1
A14: 7 | B14: ='01_Roster'!E13 -> Rahul T | C14: P | D14: P | E14: P | F14: P | G14: P | H14: P | I14: P | J14: P | K14: P | L14: P | O14: =COUNTIF(C14:N14,"P")+COUNTIF(C14:N14,"L") -> 10 | P14: =COUNTIF(C14:N14,"A") -> 0 | Q14: =IF((COUNTA(C14:N14))=0,"",(COUNTIF(C14:N14,"P")+COUNTIF(C14:N14,"L")+COUNTIF(C14:N14,"E"))/COUNTA(C14:N14)) -> 1
A15: 8 | B15: ='01_Roster'!E14 -> Pradeep P | C15: P | D15: P | E15: P | F15: P | G15: P | H15: P | I15: A | J15: P | K15: P | L15: P | O15: =COUNTIF(C15:N15,"P")+COUNTIF(C15:N15,"L") -> 9 | P15: =COUNTIF(C15:N15,"A") -> 1 | Q15: =IF((COUNTA(C15:N15))=0,"",(COUNTIF(C15:N15,"P")+COUNTIF(C15:N15,"L")+COUNTIF(C15:N15,"E"))/COUNTA(C15:N15)) -> 0.9
A16: Present count (P+L) | C16: =COUNTIF(C8:C15,"P")+COUNTIF(C8:C15,"L") -> 7 | D16: =COUNTIF(D8:D15,"P")+COUNTIF(D8:D15,"L") -> 7 | E16: =COUNTIF(E8:E15,"P")+COUNTIF(E8:E15,"L") -> 7 | F16: =COUNTIF(F8:F15,"P")+COUNTIF(F8:F15,"L") -> 7 | G16: =COUNTIF(G8:G15,"P")+COUNTIF(G8:G15,"L") -> 7 | H16: =COUNTIF(H8:H15,"P")+COUNTIF(H8:H15,"L") -> 7 | I16: =COUNTIF(I8:I15,"P")+COUNTIF(I8:I15,"L") -> 6 | J16: =COUNTIF(J8:J15,"P")+COUNTIF(J8:J15,"L") -> 7 | ... N16: =COUNTIF(N8:N15,"P")+COUNTIF(N8:N15,"L") -> 0
A18: Legend: P = Present (green) A = Absent (red) L = Late (amber, counted present) E = Excused (blue, not treated as absent) % = (P+L+E) ÷ marked sessions — blank future dates are ignored

Sheet 04_Topic_Matrix
A1: BATCH 1 · TOPIC-WISE ATTENDANCE MATRIX
A2: One row per class. Member columns are linked to the daily attendance sheet — do not type here.
A3: Batch 1 · Weekend batch (Sat–Sun) · 8 members · Attendance + topic tracker
A5: Sr | B5: Date | C5: Day | D5: Topic | E5: Sub-topic | F5: Activity | G5: ='01_Roster'!E7 -> Amit K | H5: ='01_Roster'!E8 -> Chandru | I5: ='01_Roster'!E9 -> Vishal U | J5: ='01_Roster'!E10 -> Vinay G | K5: ='01_Roster'!E11 -> Meghna | L5: ='01_Roster'!E12 -> Dhaya | M5: ='01_Roster'!E13 -> Rahul T | N5: ='01_Roster'!E14 -> Pradeep P
A6: 1 | B6: 46256 | C6: Saturday | D6: Introduction to Cloud | E6: Why Cloud, IaaS / PaaS / SaaS | F6: Concept + Q&A | G6: ='03_Attendance'!C8 -> P | H6: ='03_Attendance'!C9 -> P | I6: ='03_Attendance'!C10 -> P | J6: ='03_Attendance'!C11 -> P | K6: ='03_Attendance'!C12 -> P | L6: ='03_Attendance'!C13 -> 0 | M6: ='03_Attendance'!C14 -> P | N6: ='03_Attendance'!C15 -> P
A7: 2 | B7: 46257 | C7: Sunday | D7: Introduction to Cloud | E7: Public / Private / Hybrid / Multi-cloud | F7: Concept + comparison table | G7: ='03_Attendance'!D8 -> P | H7: ='03_Attendance'!D9 -> P | I7: ='03_Attendance'!D10 -> P | J7: ='03_Attendance'!D11 -> P | K7: ='03_Attendance'!D12 -> P | L7: ='03_Attendance'!D13 -> 0 | M7: ='03_Attendance'!D14 -> P | N7: ='03_Attendance'!D15 -> P
A8: 3 | B8: 46263 | C8: Saturday | D8: Azure Fundamentals | E8: Subscriptions, Resource Groups, Regions | F8: Portal walkthrough | G8: ='03_Attendance'!E8 -> P | H8: ='03_Attendance'!E9 -> P | I8: ='03_Attendance'!E10 -> P | J8: ='03_Attendance'!E11 -> P | K8: ='03_Attendance'!E12 -> P | L8: ='03_Attendance'!E13 -> 0 | M8: ='03_Attendance'!E14 -> P | N8: ='03_Attendance'!E15 -> P
A9: 4 | B9: 46264 | C9: Sunday | D9: Azure Storage | E9: Blob, ADLS Gen2, containers | F9: Lab: create storage + upload | G9: ='03_Attendance'!F8 -> P | H9: ='03_Attendance'!F9 -> P | I9: ='03_Attendance'!F10 -> P | J9: ='03_Attendance'!F11 -> P | K9: ='03_Attendance'!F12 -> P | L9: ='03_Attendance'!F13 -> 0 | M9: ='03_Attendance'!F14 -> P | N9: ='03_Attendance'!F15 -> P
A10: 5 | B10: 46270 | C10: Saturday | D10: Azure Data Factory | E10: ADF overview, linked services, datasets | F10: Demo | G10: ='03_Attendance'!G8 -> P | H10: ='03_Attendance'!G9 -> P | I10: ='03_Attendance'!G10 -> P | J10: ='03_Attendance'!G11 -> P | K10: ='03_Attendance'!G12 -> P | L10: ='03_Attendance'!G13 -> 0 | M10: ='03_Attendance'!G14 -> P | N10: ='03_Attendance'!G15 -> P
A11: 6 | B11: 46271 | C11: Sunday | D11: Azure Data Factory | E11: Copy Activity (file → ADLS / SQL) | F11: Lab: Copy pipeline | G11: ='03_Attendance'!H8 -> P | H11: ='03_Attendance'!H9 -> P | I11: ='03_Attendance'!H10 -> P | J11: ='03_Attendance'!H11 -> P | K11: ='03_Attendance'!H12 -> P | L11: ='03_Attendance'!H13 -> 0 | M11: ='03_Attendance'!H14 -> P | N11: ='03_Attendance'!H15 -> P
A12: 7 | B12: 46277 | C12: Saturday | D12: Azure Data Factory | E12: Pipelines, triggers, parameters | F12: Lab: scheduled copy | G12: ='03_Attendance'!I8 -> P | H12: ='03_Attendance'!I9 -> P | I12: ='03_Attendance'!I10 -> P | J12: ='03_Attendance'!I11 -> P | K12: ='03_Attendance'!I12 -> P | L12: ='03_Attendance'!I13 -> 0 | M12: ='03_Attendance'!I14 -> P | N12: ='03_Attendance'!I15 -> A
A13: 8 | B13: 46278 | C13: Sunday | D13: Azure Data Factory | E13: Mapping Data Flows (intro) | F13: Demo + practice | G13: ='03_Attendance'!J8 -> P | H13: ='03_Attendance'!J9 -> P | I13: ='03_Attendance'!J10 -> P | J13: ='03_Attendance'!J11 -> P | K13: ='03_Attendance'!J12 -> P | L13: ='03_Attendance'!J13 -> 0 | M13: ='03_Attendance'!J14 -> P | N13: ='03_Attendance'!J15 -> P
A14: 9 | B14: 46284 | C14: Saturday | D14: Azure Databricks | E14: Workspace, clusters, notebooks | F14: Lab: Spark notebook | G14: ='03_Attendance'!K8 -> P | H14: ='03_Attendance'!K9 -> A | I14: ='03_Attendance'!K10 -> P | J14: ='03_Attendance'!K11 -> P | K14: ='03_Attendance'!K12 -> P | L14: ='03_Attendance'!K13 -> P | M14: ='03_Attendance'!K14 -> P | N14: ='03_Attendance'!K15 -> P
A15: 10 | B15: 46285 | C15: Sunday | D15: Azure Databricks | E15: Read / write ADLS, Delta basics | F15: Lab: bronze table | G15: ='03_Attendance'!L8 -> P | H15: ='03_Attendance'!L9 -> P | I15: ='03_Attendance'!L10 -> P | J15: ='03_Attendance'!L11 -> P | K15: ='03_Attendance'!L12 -> L | L15: ='03_Attendance'!L13 -> P | M15: ='03_Attendance'!L14 -> P | N15: ='03_Attendance'!L15 -> P
A16: 11 | B16: 46291 | C16: Saturday | D16: Azure Synapse / SQL | E16: Dedicated vs serverless, load patterns | F16: Lab: COPY INTO | G16: ='03_Attendance'!M8 -> 0 | H16: ='03_Attendance'!M9 -> 0 | I16: ='03_Attendance'!M10 -> 0 | J16: ='03_Attendance'!M11 -> 0 | K16: ='03_Attendance'!M12 -> 0 | L16: ='03_Attendance'!M13 -> 0 | M16: ='03_Attendance'!M14 -> 0 | N16: ='03_Attendance'!M15 -> 0
A17: 12 | B17: 46292 | C17: Sunday | D17: End-to-end recap | E17: Ingest → store → transform | F17: Mini project + doubt clearing | G17: ='03_Attendance'!N8 -> 0 | H17: ='03_Attendance'!N9 -> 0 | I17: ='03_Attendance'!N10 -> 0 | J17: ='03_Attendance'!N11 -> 0 | K17: ='03_Attendance'!N12 -> 0 | L17: ='03_Attendance'!N13 -> 0 | M17: ='03_Attendance'!N14 -> 0 | N17: ='03_Attendance'!N15 -> 0

Sheet 05_Summary
A1: BATCH 1 · ATTENDANCE SUMMARY
A2: Auto-calculated from daily marks. Refresh after you fill the Attendance sheet.
A3: Batch 1 · Weekend batch (Sat–Sun) · 8 members · Attendance + topic tracker
A5: KPI | B5: Value | D5: MEMBER STANDING
A6: Batch name | B6: ='01_Roster'!B6 -> Batch 1 | D6: Sr | E6: Name | F6: Attendance % | G6: Standing
A7: Members | B7: 8 | D7: 1 | E7: ='01_Roster'!E7 -> Amit K | F7: ='03_Attendance'!Q8 -> 1 | G7: =IF(F7="","",IF(F7>=0.9,"Excellent",IF(F7>=0.75,"Good",IF(F7>=0.6,"Watch","At risk")))) -> Excellent
A8: Weekend sessions | B8: 12 | D8: 2 | E8: ='01_Roster'!E8 -> Chandru | F8: ='03_Attendance'!Q9 -> 0.9 | G8: =IF(F8="","",IF(F8>=0.9,"Excellent",IF(F8>=0.75,"Good",IF(F8>=0.6,"Watch","At risk")))) -> Excellent
A9: Planned hours | B9: ='02_Session_Plan'!H18 -> 36 | D9: 3 | E9: ='01_Roster'!E9 -> Vishal U | F9: ='03_Attendance'!Q10 -> 1 | G9: =IF(F9="","",IF(F9>=0.9,"Excellent",IF(F9>=0.75,"Good",IF(F9>=0.6,"Watch","At risk")))) -> Excellent
A10: Class avg attendance | B10: =IFERROR(AVERAGE('03_Attendance'!Q8:Q15),"") -> 0.975 | D10: 4 | E10: ='01_Roster'!E10 -> Vinay G | F10: ='03_Attendance'!Q11 -> 1 | G10: =IF(F10="","",IF(F10>=0.9,"Excellent",IF(F10>=0.75,"Good",IF(F10>=0.6,"Watch","At risk")))) -> Excellent
A11: Below 75% (count) | B11: =COUNTIF('03_Attendance'!Q8:Q15,"<0.75") -> 0 | D11: 5 | E11: ='01_Roster'!E11 -> Meghna | F11: ='03_Attendance'!Q12 -> 1 | G11: =IF(F11="","",IF(F11>=0.9,"Excellent",IF(F11>=0.75,"Good",IF(F11>=0.6,"Watch","At risk")))) -> Excellent
D12: 6 | E12: ='01_Roster'!E12 -> Dhaya | F12: ='03_Attendance'!Q13 -> 1 | G12: =IF(F12="","",IF(F12>=0.9,"Excellent",IF(F12>=0.75,"Good",IF(F12>=0.6,"Watch","At risk")))) -> Excellent
D13: 7 | E13: ='01_Roster'!E13 -> Rahul T | F13: ='03_Attendance'!Q14 -> 1 | G13: =IF(F13="","",IF(F13>=0.9,"Excellent",IF(F13>=0.75,"Good",IF(F13>=0.6,"Watch","At risk")))) -> Excellent
D14: 8 | E14: ='01_Roster'!E14 -> Pradeep P | F14: ='03_Attendance'!Q15 -> 0.9 | G14: =IF(F14="","",IF(F14>=0.9,"Excellent",IF(F14>=0.75,"Good",IF(F14>=0.6,"Watch","At risk")))) -> Excellent
D16: How to use 1. Roster — type the 8 names. 2. Session Plan — adjust topics/tutor if needed; set Status after class. 3. Attendance — each weekend, drop-down P / A / L / E. That is the only sheet you mark. 4. Topic Matrix and Summary update by formula. Print Attendance or Topic Matrix in landscape A4.
