Workbook

Sheet 00_Home
A1: PATHCARE DIAGNOSTICS · Pathology Laboratory
A2: EMPLOYEE ATTENDANCE & ROSTER MANAGEMENT
A3: Workforce HR system · Single source of truth for staff, shifts, attendance & leave
B5: WORKBOOK NAVIGATION
B6: Sheet | C6: Purpose | D6: Edit here?
B7: 01_Config | C7: Shifts, attendance codes, leave types, departments, public holidays, leave policy. | D7: Yes — setup only
B8: 02_Employee_Master | C8: Master employee register. All other sheets pull names/IDs from here. | D8: Yes — HR master
B9: 03_Roster | C9: Full-month view (auto from Week sheets). Set Month/Year here. Use week buttons to edit. | D9: View + period
B10: W1–W5_Roster | C10: Week-wise roster (Days 1–7, 8–14, 15–21, 22–28, 29–31). Edit shifts here. | D10: Yes — weekly edit
B11: 04_Attendance | C11: Daily attendance marks linked to roster month. Color-coded statuses. | D11: Yes — daily mark
B12: 05_Leave | C12: Leave applications, balances, approval workflow, manager remarks. | D12: Yes — leave desk
B13: 06_Dashboard | C13: Live KPIs, shift headcount, dept stats, trends. Formula-driven — do not type. | D13: No — auto
B15: WEEK ROSTER SHORTCUTS (click to open)
B16: ▶ Week 1 (Days 1–7) | C16: ▶ Week 2 (Days 8–14) | D16: ▶ Week 3 (Days 15–21)
B17: ▶ Week 4 (Days 22–28) | C17: ▶ Week 5 (Days 29–31) | D17: 📅 Full Month
B19: OPERATING RULES 1. Maintain employees only on Employee Master (Active/Inactive). 2. Set Month / Year on 03_Roster (B5 / D5). Enter shifts on Week 1–5 sheets (buttons above). 3. Full Month roster mirrors weeks automatically. Then mark Attendance daily. 4. Leave sheet updates balances; Dashboard recalculates from live data.
B23: WHEN THE MONTH CHANGES — DO THIS
B24: Step 1 | C24: Optional archive: File → Save As → Pathology_Roster_YYYY-MM.xlsx
B25: Step 2 | C25: 03_Roster → set B5 = new month, D5 = year.
B26: Step 3 | C26: Open each Week 1–5 sheet → clear old marks → enter new week roster.
B27: Step 4 | C27: Full Month updates from weeks. Clear & mark 04_Attendance for the new month.
B28: Step 5 | C28: Update holidays / leave as needed. Check Dashboard.
B30: CURRENT PERIOD | C30: ='03_Roster'!B5 | D30: ='03_Roster'!D5

Sheet 01_Config
A1: PATHCARE DIAGNOSTICS · Pathology Laboratory
A2: SYSTEM CONFIGURATION
A3: Controlled lists for drop-downs · Change carefully — used across the workbook
B5: SHIFT CODES | F5: ATTENDANCE CODES
B6: Code | C6: Shift | D6: Timing | F6: Code | G6: Meaning | H6: Fill | I6: Font
B7: M | C7: Morning | D7: 06:00–14:00 | F7: P | G7: Present | H7: D4EDDA | I7: 1B7A4E
B8: E | C8: Evening | D8: 14:00–22:00 | F8: A | G8: Absent | H8: F8D7DA | I8: B71C1C
B9: N | C9: Night | D9: 22:00–06:00 | F9: L | G9: Late Coming | H9: FFF3CD | I9: B78103
B10: WO | C10: Weekly Off | D10: — | F10: HD | G10: Half Day | H10: FFE0B2 | I10: E65100
B11: PH | C11: Public Holiday | D11: — | F11: WFO | G11: Work From Office | H11: D6E4F0 | I11: 0D47A1
B12: LV | C12: Leave | D12: — | F12: PL | G12: Planned Leave | H12: EDE7F6 | I12: 5E35B1
B13: TR | C13: Training | D13: — | F13: UL | G13: Unscheduled Leave | H13: FCE4EC | I13: AD1457
F14: VL | G14: Vacation Leave | H14: E0F7FA | I14: 00838F
F15: SL | G15: Sick Leave | H15: FFEBEE | I15: C62828
B16: DEPARTMENTS | C16: DESIGNATIONS | D16: EMPLOYMENT TYPE | F16: SHIFT ELIGIBILITY | G16: LEAVE TYPES | H16: LEAVE STATUS | I16: EMPLOYEE STATUS
B17: Hematology | C17: Lab Manager | D17: Permanent | F17: All Shifts | G17: Planned Leave | H17: Pending | I17: Active
B18: Biochemistry | C18: Pathologist | D18: Contract | F18: Morning Only | G18: Unplanned Leave | H18: Approved | I18: Inactive
B19: Microbiology | C19: Senior Lab Technologist | D19: Trainee | F19: Morning/Evening | G19: Sick Leave | H19: Rejected
B20: Histopathology | C20: Lab Technologist | D20: Part-time | F20: Night Eligible | G20: Vacation Leave | H20: Cancelled
B21: Phlebotomy | C21: Lab Assistant
B22: Sample Receiving | C22: Phlebotomist
B23: Quality Assurance | C23: QA Officer
B24: Administration | C24: Receptionist
B27: PUBLIC HOLIDAYS (update annually) | F27: LEAVE POLICY (annual entitlement days)
B28: Date | C28: Holiday Name | D28: Applies | F28: Leave Type | G28: Annual Days | H28: Carry Forward | I28: Notes
B29: 46048 | C29: Republic Day | D29: Yes | F29: Planned Leave | G29: 12 | H29: Max 5 | I29: Requires prior approval
B30: 46095 | C30: Holi | D30: Yes | F30: Unplanned Leave | G30: 6 | H30: No | I30: Inform same day
B31: 46249 | C31: Independence Day | D31: Yes | F31: Sick Leave | G31: 10 | H31: No | I31: Medical certificate > 2 days
B32: 46297 | C32: Gandhi Jayanti | D32: Yes | F32: Vacation Leave | G32: 15 | H32: Max 7 | I32: Plan 15 days ahead
B33: 46315 | C33: Diwali | D33: Yes
B34: 46381 | C34: Christmas | D34: Yes

Sheet 02_Employee_Master
A1: PATHCARE DIAGNOSTICS · Pathology Laboratory
A2: EMPLOYEE MASTER REGISTER
A3: Single source of truth · Roster, Attendance, Leave & Dashboard reference this sheet
A5: Employee ID | B5: Employee Name | C5: Designation | D5: Department | E5: Reporting Manager | F5: Date of Joining | G5: Employment Type | H5: Shift Eligibility | I5: Contact Number | J5: Email ID | K5: Emergency Contact | L5: Status
A6: PL-001 | B6: Dr. Ananya Mehta | C6: Pathologist | D6: Histopathology | E6: Lab Director | F6: 43536 | G6: Permanent | H6: Morning Only | I6: 9876543210 | J6: ananya.mehta@pathlab.example | K6: Rajesh Mehta — 9876500001 | L6: Active
A7: PL-002 | B7: Vikram Singh | C7: Lab Manager | D7: Administration | E7: Lab Director | F7: 43252 | G7: Permanent | H7: All Shifts | I7: 9876543211 | J7: vikram.singh@pathlab.example | K7: Priya Singh — 9876500002 | L7: Active
A8: PL-003 | B8: Sneha Patel | C8: Senior Lab Technologist | D8: Hematology | E8: Vikram Singh | F8: 43845 | G8: Permanent | H8: All Shifts | I8: 9876543212 | J8: sneha.patel@pathlab.example | K8: Amit Patel — 9876500003 | L8: Active
A9: PL-004 | B9: Rahul Nair | C9: Lab Technologist | D9: Hematology | E9: Sneha Patel | F9: 44428 | G9: Permanent | H9: All Shifts | I9: 9876543213 | J9: rahul.nair@pathlab.example | K9: Deepa Nair — 9876500004 | L9: Active
A10: PL-005 | B10: Fatima Khan | C10: Lab Technologist | D10: Biochemistry | E10: Vikram Singh | F10: 44140 | G10: Permanent | H10: Morning/Evening | I10: 9876543214 | J10: fatima.khan@pathlab.example | K10: Imran Khan — 9876500005 | L10: Active
A11: PL-006 | B11: Arjun Reddy | C11: Lab Technologist | D11: Biochemistry | E11: Fatima Khan | F11: 44606 | G11: Permanent | H11: All Shifts | I11: 9876543215 | J11: arjun.reddy@pathlab.example | K11: Kavitha Reddy — 9876500006 | L11: Active
A12: PL-007 | B12: Meera Iyer | C12: Senior Lab Technologist | D12: Microbiology | E12: Vikram Singh | F12: 43709 | G12: Permanent | H12: Morning/Evening | I12: 9876543216 | J12: meera.iyer@pathlab.example | K12: Suresh Iyer — 9876500007 | L12: Active
A13: PL-008 | B13: Karan Malhotra | C13: Lab Technologist | D13: Microbiology | E13: Meera Iyer | F13: 45026 | G13: Contract | H13: All Shifts | I13: 9876543217 | J13: karan.malhotra@pathlab.example | K13: Neha Malhotra — 9876500008 | L13: Active
A14: PL-009 | B14: Pooja Sharma | C14: Lab Assistant | D14: Histopathology | E14: Dr. Ananya Mehta | F14: 44334 | G14: Permanent | H14: Morning Only | I14: 9876543218 | J14: pooja.sharma@pathlab.example | K14: Ravi Sharma — 9876500009 | L14: Active
A15: PL-010 | B15: Mohammed Irfan | C15: Phlebotomist | D15: Phlebotomy | E15: Vikram Singh | F15: 44743 | G15: Permanent | H15: Morning/Evening | I15: 9876543219 | J15: m.irfan@pathlab.example | K15: Ayesha Irfan — 9876500010 | L15: Active
A16: PL-011 | B16: Lakshmi Devi | C16: Phlebotomist | D16: Phlebotomy | E16: Vikram Singh | F16: 43912 | G16: Permanent | H16: Morning Only | I16: 9876543220 | J16: lakshmi.devi@pathlab.example | K16: Venkat Devi — 9876500011 | L16: Active
A17: PL-012 | B17: Suresh Kumar | C17: Lab Assistant | D17: Sample Receiving | E17: Vikram Singh | F17: 44536 | G17: Permanent | H17: All Shifts | I17: 9876543221 | J17: suresh.kumar@pathlab.example | K17: Anita Kumar — 9876500012 | L17: Active
... A25: PL-020 | B25: Thomas Mathew | C25: Senior Lab Technologist | D25: Sample Receiving | E25: Vikram Singh | F25: 43423 | G25: Permanent | H25: All Shifts | I25: 9876543229 | J25: thomas.mathew@pathlab.example | K25: Mary Mathew — 9876500020 | L25: Inactive
A47: Total rows | B47: =COUNTA(A6:A45) | C47: Active | D47: =COUNTIF(L6:L45,"Active") | E47: Inactive | F47: =COUNTIF(L6:L45,"Inactive")

Sheet 03_Roster
A1: PATHCARE DIAGNOSTICS · Pathology Laboratory
A2: MONTHLY SHIFT ROSTER
A3: Pathology Lab scheduling · Change Month (B5) & Year (D5) for a new period · M/E/N/WO/PH/LV/TR
A4: GO → | B4: Full Month | C4: ▶ Week 1 | D4: ▶ Week 2 | E4: ▶ Week 3 | F4: ▶ Week 4 | G4: ▶ Week 5 | H4: Click a week button to open that week’s roster (edit there — Full Month syncs automatically)
A5: Month | B5: 9 | C5: Year | D5: 2026 | E5: NEW MONTH: change B5 & D5 → use Week 1–5 buttons below to enter roster week-by-week → Full Month auto-updates. Grey columns = day does not exist in that month.
A6: Emp ID | B6: Employee Name | C6: Department | D6: Designation | E6: 1 | F6: 2 | G6: 3 | H6: 4 | I6: 5 | J6: 6 | K6: 7 | L6: 8 | M6: 9 | N6: 10 | O6: 11 | P6: 12 | Q6: 13 | R6: 14 | S6: 15 | T6: 16 | U6: 17 | V6: 18 | W6: 19 | X6: 20 | Y6: 21 | Z6: 22 | AA6: 23 | AB6: 24 | AC6: 25 | AD6: 26 | AE6: 27 | AF6: 28 | AG6: 29 | AH6: 30 | AI6: 31 | AJ6: WO Days | AK6: OT Hours | AL6: Backup Resource | AM6: Shift Swap / Notes | AN6: Remarks
E7: =IF(E$6>DAY(DATE($D$5,$B$5+1,0)),"",TEXT(DATE($D$5,$B$5,E$6),"DDD")) | F7: =IF(F$6>DAY(DATE($D$5,$B$5+1,0)),"",TEXT(DATE($D$5,$B$5,F$6),"DDD")) | G7: =IF(G$6>DAY(DATE($D$5,$B$5+1,0)),"",TEXT(DATE($D$5,$B$5,G$6),"DDD")) | H7: =IF(H$6>DAY(DATE($D$5,$B$5+1,0)),"",TEXT(DATE($D$5,$B$5,H$6),"DDD")) | I7: =IF(I$6>DAY(DATE($D$5,$B$5+1,0)),"",TEXT(DATE($D$5,$B$5,I$6),"DDD")) | J7: =IF(J$6>DAY(DATE($D$5,$B$5+1,0)),"",TEXT(DATE($D$5,$B$5,J$6),"DDD")) | K7: =IF(K$6>DAY(DATE($D$5,$B$5+1,0)),"",TEXT(DATE($D$5,$B$5,K$6),"DDD")) | L7: =IF(L$6>DAY(DATE($D$5,$B$5+1,0)),"",TEXT(DATE($D$5,$B$5,L$6),"DDD")) | ... AI7: =IF(AI$6>DAY(DATE($D$5,$B$5+1,0)),"",TEXT(DATE($D$5,$B$5,AI$6),"DDD"))
A8: ='02_Employee_Master'!A6 | B8: ='02_Employee_Master'!B6 | C8: ='02_Employee_Master'!D6 | D8: ='02_Employee_Master'!C6 | E8: ='W1_Roster'!E8 | F8: ='W1_Roster'!F8 | G8: ='W1_Roster'!G8 | H8: ='W1_Roster'!H8 | I8: ='W1_Roster'!I8 | J8: ='W1_Roster'!J8 | K8: ='W1_Roster'!K8 | L8: ='W2_Roster'!E8 | M8: ='W2_Roster'!F8 | N8: ='W2_Roster'!G8 | O8: ='W2_Roster'!H8 | P8: ='W2_Roster'!I8 | Q8: ='W2_Roster'!J8 | R8: ='W2_Roster'!K8 | S8: ='W3_Roster'!E8 | T8: ='W3_Roster'!F8 | U8: ='W3_Roster'!G8 | V8: ='W3_Roster'!H8 | W8: ='W3_Roster'!I8 | X8: ='W3_Roster'!J8 | Y8: ='W3_Roster'!K8 | Z8: ='W4_Roster'!E8 | AA8: ='W4_Roster'!F8 | AB8: ='W4_Roster'!G8 | AC8: ='W4_Roster'!H8 | AD8: ='W4_Roster'!I8 | AE8: ='W4_Roster'!J8 | AF8: ='W4_Roster'!K8 | AG8: ='W5_Roster'!E8 | AH8: ='W5_Roster'!F8 | AI8: ='W5_Roster'!G8 | AJ8: =COUNTIF(E8:AI8,"WO") | AK8: 0 | AL8: Vikram Singh
A9: ='02_Employee_Master'!A7 | B9: ='02_Employee_Master'!B7 | C9: ='02_Employee_Master'!D7 | D9: ='02_Employee_Master'!C7 | E9: ='W1_Roster'!E9 | F9: ='W1_Roster'!F9 | G9: ='W1_Roster'!G9 | H9: ='W1_Roster'!H9 | I9: ='W1_Roster'!I9 | J9: ='W1_Roster'!J9 | K9: ='W1_Roster'!K9 | L9: ='W2_Roster'!E9 | M9: ='W2_Roster'!F9 | N9: ='W2_Roster'!G9 | O9: ='W2_Roster'!H9 | P9: ='W2_Roster'!I9 | Q9: ='W2_Roster'!J9 | R9: ='W2_Roster'!K9 | S9: ='W3_Roster'!E9 | T9: ='W3_Roster'!F9 | U9: ='W3_Roster'!G9 | V9: ='W3_Roster'!H9 | W9: ='W3_Roster'!I9 | X9: ='W3_Roster'!J9 | Y9: ='W3_Roster'!K9 | Z9: ='W4_Roster'!E9 | AA9: ='W4_Roster'!F9 | AB9: ='W4_Roster'!G9 | AC9: ='W4_Roster'!H9 | AD9: ='W4_Roster'!I9 | AE9: ='W4_Roster'!J9 | AF9: ='W4_Roster'!K9 | AG9: ='W5_Roster'!E9 | AH9: ='W5_Roster'!F9 | AI9: ='W5_Roster'!G9 | AJ9: =COUNTIF(E9:AI9,"WO") | AK9: 0
A10: ='02_Employee_Master'!A8 | B10: ='02_Employee_Master'!B8 | C10: ='02_Employee_Master'!D8 | D10: ='02_Employee_Master'!C8 | E10: ='W1_Roster'!E10 | F10: ='W1_Roster'!F10 | G10: ='W1_Roster'!G10 | H10: ='W1_Roster'!H10 | I10: ='W1_Roster'!I10 | J10: ='W1_Roster'!J10 | K10: ='W1_Roster'!K10 | L10: ='W2_Roster'!E10 | M10: ='W2_Roster'!F10 | N10: ='W2_Roster'!G10 | O10: ='W2_Roster'!H10 | P10: ='W2_Roster'!I10 | Q10: ='W2_Roster'!J10 | R10: ='W2_Roster'!K10 | S10: ='W3_Roster'!E10 | T10: ='W3_Roster'!F10 | U10: ='W3_Roster'!G10 | V10: ='W3_Roster'!H10 | W10: ='W3_Roster'!I10 | X10: ='W3_Roster'!J10 | Y10: ='W3_Roster'!K10 | Z10: ='W4_Roster'!E10 | AA10: ='W4_Roster'!F10 | AB10: ='W4_Roster'!G10 | AC10: ='W4_Roster'!H10 | AD10: ='W4_Roster'!I10 | AE10: ='W4_Roster'!J10 | AF10: ='W4_Roster'!K10 | AG10: ='W5_Roster'!E10 | AH10: ='W5_Roster'!F10 | AI10: ='W5_Roster'!G10 | AJ10: =COUNTIF(E10:AI10,"WO") | AK10: 0
A11: ='02_Employee_Master'!A9 | B11: ='02_Employee_Master'!B9 | C11: ='02_Employee_Master'!D9 | D11: ='02_Employee_Master'!C9 | E11: ='W1_Roster'!E11 | F11: ='W1_Roster'!F11 | G11: ='W1_Roster'!G11 | H11: ='W1_Roster'!H11 | I11: ='W1_Roster'!I11 | J11: ='W1_Roster'!J11 | K11: ='W1_Roster'!K11 | L11: ='W2_Roster'!E11 | M11: ='W2_Roster'!F11 | N11: ='W2_Roster'!G11 | O11: ='W2_Roster'!H11 | P11: ='W2_Roster'!I11 | Q11: ='W2_Roster'!J11 | R11: ='W2_Roster'!K11 | S11: ='W3_Roster'!E11 | T11: ='W3_Roster'!F11 | U11: ='W3_Roster'!G11 | V11: ='W3_Roster'!H11 | W11: ='W3_Roster'!I11 | X11: ='W3_Roster'!J11 | Y11: ='W3_Roster'!K11 | Z11: ='W4_Roster'!E11 | AA11: ='W4_Roster'!F11 | AB11: ='W4_Roster'!G11 | AC11: ='W4_Roster'!H11 | AD11: ='W4_Roster'!I11 | AE11: ='W4_Roster'!J11 | AF11: ='W4_Roster'!K11 | AG11: ='W5_Roster'!E11 | AH11: ='W5_Roster'!F11 | AI11: ='W5_Roster'!G11 | AJ11: =COUNTIF(E11:AI11,"WO") | AK11: 0
A12: ='02_Employee_Master'!A10 | B12: ='02_Employee_Master'!B10 | C12: ='02_Employee_Master'!D10 | D12: ='02_Employee_Master'!C10 | E12: ='W1_Roster'!E12 | F12: ='W1_Roster'!F12 | G12: ='W1_Roster'!G12 | H12: ='W1_Roster'!H12 | I12: ='W1_Roster'!I12 | J12: ='W1_Roster'!J12 | K12: ='W1_Roster'!K12 | L12: ='W2_Roster'!E12 | M12: ='W2_Roster'!F12 | N12: ='W2_Roster'!G12 | O12: ='W2_Roster'!H12 | P12: ='W2_Roster'!I12 | Q12: ='W2_Roster'!J12 | R12: ='W2_Roster'!K12 | S12: ='W3_Roster'!E12 | T12: ='W3_Roster'!F12 | U12: ='W3_Roster'!G12 | V12: ='W3_Roster'!H12 | W12: ='W3_Roster'!I12 | X12: ='W3_Roster'!J12 | Y12: ='W3_Roster'!K12 | Z12: ='W4_Roster'!E12 | AA12: ='W4_Roster'!F12 | AB12: ='W4_Roster'!G12 | AC12: ='W4_Roster'!H12 | AD12: ='W4_Roster'!I12 | AE12: ='W4_Roster'!J12 | AF12: ='W4_Roster'!K12 | AG12: ='W5_Roster'!E12 | AH12: ='W5_Roster'!F12 | AI12: ='W5_Roster'!G12 | AJ12: =COUNTIF(E12:AI12,"WO") | AK12: 0
A13: ='02_Employee_Master'!A11 | B13: ='02_Employee_Master'!B11 | C13: ='02_Employee_Master'!D11 | D13: ='02_Employee_Master'!C11 | E13: ='W1_Roster'!E13 | F13: ='W1_Roster'!F13 | G13: ='W1_Roster'!G13 | H13: ='W1_Roster'!H13 | I13: ='W1_Roster'!I13 | J13: ='W1_Roster'!J13 | K13: ='W1_Roster'!K13 | L13: ='W2_Roster'!E13 | M13: ='W2_Roster'!F13 | N13: ='W2_Roster'!G13 | O13: ='W2_Roster'!H13 | P13: ='W2_Roster'!I13 | Q13: ='W2_Roster'!J13 | R13: ='W2_Roster'!K13 | S13: ='W3_Roster'!E13 | T13: ='W3_Roster'!F13 | U13: ='W3_Roster'!G13 | V13: ='W3_Roster'!H13 | W13: ='W3_Roster'!I13 | X13: ='W3_Roster'!J13 | Y13: ='W3_Roster'!K13 | Z13: ='W4_Roster'!E13 | AA13: ='W4_Roster'!F13 | AB13: ='W4_Roster'!G13 | AC13: ='W4_Roster'!H13 | AD13: ='W4_Roster'!I13 | AE13: ='W4_Roster'!J13 | AF13: ='W4_Roster'!K13 | AG13: ='W5_Roster'!E13 | AH13: ='W5_Roster'!F13 | AI13: ='W5_Roster'!G13 | AJ13: =COUNTIF(E13:AI13,"WO") | AK13: 0
A14: ='02_Employee_Master'!A12 | B14: ='02_Employee_Master'!B12 | C14: ='02_Employee_Master'!D12 | D14: ='02_Employee_Master'!C12 | E14: ='W1_Roster'!E14 | F14: ='W1_Roster'!F14 | G14: ='W1_Roster'!G14 | H14: ='W1_Roster'!H14 | I14: ='W1_Roster'!I14 | J14: ='W1_Roster'!J14 | K14: ='W1_Roster'!K14 | L14: ='W2_Roster'!E14 | M14: ='W2_Roster'!F14 | N14: ='W2_Roster'!G14 | O14: ='W2_Roster'!H14 | P14: ='W2_Roster'!I14 | Q14: ='W2_Roster'!J14 | R14: ='W2_Roster'!K14 | S14: ='W3_Roster'!E14 | T14: ='W3_Roster'!F14 | U14: ='W3_Roster'!G14 | V14: ='W3_Roster'!H14 | W14: ='W3_Roster'!I14 | X14: ='W3_Roster'!J14 | Y14: ='W3_Roster'!K14 | Z14: ='W4_Roster'!E14 | AA14: ='W4_Roster'!F14 | AB14: ='W4_Roster'!G14 | AC14: ='W4_Roster'!H14 | AD14: ='W4_Roster'!I14 | AE14: ='W4_Roster'!J14 | AF14: ='W4_Roster'!K14 | AG14: ='W5_Roster'!E14 | AH14: ='W5_Roster'!F14 | AI14: ='W5_Roster'!G14 | AJ14: =COUNTIF(E14:AI14,"WO") | AK14: 0 | AL14: Karan Malhotra
A15: ='02_Employee_Master'!A13 | B15: ='02_Employee_Master'!B13 | C15: ='02_Employee_Master'!D13 | D15: ='02_Employee_Master'!C13 | E15: ='W1_Roster'!E15 | F15: ='W1_Roster'!F15 | G15: ='W1_Roster'!G15 | H15: ='W1_Roster'!H15 | I15: ='W1_Roster'!I15 | J15: ='W1_Roster'!J15 | K15: ='W1_Roster'!K15 | L15: ='W2_Roster'!E15 | M15: ='W2_Roster'!F15 | N15: ='W2_Roster'!G15 | O15: ='W2_Roster'!H15 | P15: ='W2_Roster'!I15 | Q15: ='W2_Roster'!J15 | R15: ='W2_Roster'!K15 | S15: ='W3_Roster'!E15 | T15: ='W3_Roster'!F15 | U15: ='W3_Roster'!G15 | V15: ='W3_Roster'!H15 | W15: ='W3_Roster'!I15 | X15: ='W3_Roster'!J15 | Y15: ='W3_Roster'!K15 | Z15: ='W4_Roster'!E15 | AA15: ='W4_Roster'!F15 | AB15: ='W4_Roster'!G15 | AC15: ='W4_Roster'!H15 | AD15: ='W4_Roster'!I15 | AE15: ='W4_Roster'!J15 | AF15: ='W4_Roster'!K15 | AG15: ='W5_Roster'!E15 | AH15: ='W5_Roster'!F15 | AI15: ='W5_Roster'!G15 | AJ15: =COUNTIF(E15:AI15,"WO") | AK15: 0
A16: ='02_Employee_Master'!A14 | B16: ='02_Employee_Master'!B14 | C16: ='02_Employee_Master'!D14 | D16: ='02_Employee_Master'!C14 | E16: ='W1_Roster'!E16 | F16: ='W1_Roster'!F16 | G16: ='W1_Roster'!G16 | H16: ='W1_Roster'!H16 | I16: ='W1_Roster'!I16 | J16: ='W1_Roster'!J16 | K16: ='W1_Roster'!K16 | L16: ='W2_Roster'!E16 | M16: ='W2_Roster'!F16 | N16: ='W2_Roster'!G16 | O16: ='W2_Roster'!H16 | P16: ='W2_Roster'!I16 | Q16: ='W2_Roster'!J16 | R16: ='W2_Roster'!K16 | S16: ='W3_Roster'!E16 | T16: ='W3_Roster'!F16 | U16: ='W3_Roster'!G16 | V16: ='W3_Roster'!H16 | W16: ='W3_Roster'!I16 | X16: ='W3_Roster'!J16 | Y16: ='W3_Roster'!K16 | Z16: ='W4_Roster'!E16 | AA16: ='W4_Roster'!F16 | AB16: ='W4_Roster'!G16 | AC16: ='W4_Roster'!H16 | AD16: ='W4_Roster'!I16 | AE16: ='W4_Roster'!J16 | AF16: ='W4_Roster'!K16 | AG16: ='W5_Roster'!E16 | AH16: ='W5_Roster'!F16 | AI16: ='W5_Roster'!G16 | AJ16: =COUNTIF(E16:AI16,"WO") | AK16: 0
A17: ='02_Employee_Master'!A15 | B17: ='02_Employee_Master'!B15 | C17: ='02_Employee_Master'!D15 | D17: ='02_Employee_Master'!C15 | E17: ='W1_Roster'!E17 | F17: ='W1_Roster'!F17 | G17: ='W1_Roster'!G17 | H17: ='W1_Roster'!H17 | I17: ='W1_Roster'!I17 | J17: ='W1_Roster'!J17 | K17: ='W1_Roster'!K17 | L17: ='W2_Roster'!E17 | M17: ='W2_Roster'!F17 | N17: ='W2_Roster'!G17 | O17: ='W2_Roster'!H17 | P17: ='W2_Roster'!I17 | Q17: ='W2_Roster'!J17 | R17: ='W2_Roster'!K17 | S17: ='W3_Roster'!E17 | T17: ='W3_Roster'!F17 | U17: ='W3_Roster'!G17 | V17: ='W3_Roster'!H17 | W17: ='W3_Roster'!I17 | X17: ='W3_Roster'!J17 | Y17: ='W3_Roster'!K17 | Z17: ='W4_Roster'!E17 | AA17: ='W4_Roster'!F17 | AB17: ='W4_Roster'!G17 | AC17: ='W4_Roster'!H17 | AD17: ='W4_Roster'!I17 | AE17: ='W4_Roster'!J17 | AF17: ='W4_Roster'!K17 | AG17: ='W5_Roster'!E17 | AH17: ='W5_Roster'!F17 | AI17: ='W5_Roster'!G17 | AJ17: =COUNTIF(E17:AI17,"WO") | AK17: 0
A18: ='02_Employee_Master'!A16 | B18: ='02_Employee_Master'!B16 | C18: ='02_Employee_Master'!D16 | D18: ='02_Employee_Master'!C16 | E18: ='W1_Roster'!E18 | F18: ='W1_Roster'!F18 | G18: ='W1_Roster'!G18 | H18: ='W1_Roster'!H18 | I18: ='W1_Roster'!I18 | J18: ='W1_Roster'!J18 | K18: ='W1_Roster'!K18 | L18: ='W2_Roster'!E18 | M18: ='W2_Roster'!F18 | N18: ='W2_Roster'!G18 | O18: ='W2_Roster'!H18 | P18: ='W2_Roster'!I18 | Q18: ='W2_Roster'!J18 | R18: ='W2_Roster'!K18 | S18: ='W3_Roster'!E18 | T18: ='W3_Roster'!F18 | U18: ='W3_Roster'!G18 | V18: ='W3_Roster'!H18 | W18: ='W3_Roster'!I18 | X18: ='W3_Roster'!J18 | Y18: ='W3_Roster'!K18 | Z18: ='W4_Roster'!E18 | AA18: ='W4_Roster'!F18 | AB18: ='W4_Roster'!G18 | AC18: ='W4_Roster'!H18 | AD18: ='W4_Roster'!I18 | AE18: ='W4_Roster'!J18 | AF18: ='W4_Roster'!K18 | AG18: ='W5_Roster'!E18 | AH18: ='W5_Roster'!F18 | AI18: ='W5_Roster'!G18 | AJ18: =COUNTIF(E18:AI18,"WO") | AK18: 0
A19: ='02_Employee_Master'!A17 | B19: ='02_Employee_Master'!B17 | C19: ='02_Employee_Master'!D17 | D19: ='02_Employee_Master'!C17 | E19: ='W1_Roster'!E19 | F19: ='W1_Roster'!F19 | G19: ='W1_Roster'!G19 | H19: ='W1_Roster'!H19 | I19: ='W1_Roster'!I19 | J19: ='W1_Roster'!J19 | K19: ='W1_Roster'!K19 | L19: ='W2_Roster'!E19 | M19: ='W2_Roster'!F19 | N19: ='W2_Roster'!G19 | O19: ='W2_Roster'!H19 | P19: ='W2_Roster'!I19 | Q19: ='W2_Roster'!J19 | R19: ='W2_Roster'!K19 | S19: ='W3_Roster'!E19 | T19: ='W3_Roster'!F19 | U19: ='W3_Roster'!G19 | V19: ='W3_Roster'!H19 | W19: ='W3_Roster'!I19 | X19: ='W3_Roster'!J19 | Y19: ='W3_Roster'!K19 | Z19: ='W4_Roster'!E19 | AA19: ='W4_Roster'!F19 | AB19: ='W4_Roster'!G19 | AC19: ='W4_Roster'!H19 | AD19: ='W4_Roster'!I19 | AE19: ='W4_Roster'!J19 | AF19: ='W4_Roster'!K19 | AG19: ='W5_Roster'!E19 | AH19: ='W5_Roster'!F19 | AI19: ='W5_Roster'!G19 | AJ19: =COUNTIF(E19:AI19,"WO") | AK19: 0
A20: ='02_Employee_Master'!A18 | B20: ='02_Employee_Master'!B18 | C20: ='02_Employee_Master'!D18 | D20: ='02_Employee_Master'!C18 | E20: ='W1_Roster'!E20 | F20: ='W1_Roster'!F20 | G20: ='W1_Roster'!G20 | H20: ='W1_Roster'!H20 | I20: ='W1_Roster'!I20 | J20: ='W1_Roster'!J20 | K20: ='W1_Roster'!K20 | L20: ='W2_Roster'!E20 | M20: ='W2_Roster'!F20 | N20: ='W2_Roster'!G20 | O20: ='W2_Roster'!H20 | P20: ='W2_Roster'!I20 | Q20: ='W2_Roster'!J20 | R20: ='W2_Roster'!K20 | S20: ='W3_Roster'!E20 | T20: ='W3_Roster'!F20 | U20: ='W3_Roster'!G20 | V20: ='W3_Roster'!H20 | W20: ='W3_Roster'!I20 | X20: ='W3_Roster'!J20 | Y20: ='W3_Roster'!K20 | Z20: ='W4_Roster'!E20 | AA20: ='W4_Roster'!F20 | AB20: ='W4_Roster'!G20 | AC20: ='W4_Roster'!H20 | AD20: ='W4_Roster'!I20 | AE20: ='W4_Roster'!J20 | AF20: ='W4_Roster'!K20 | AG20: ='W5_Roster'!E20 | AH20: ='W5_Roster'!F20 | AI20: ='W5_Roster'!G20 | AJ20: =COUNTIF(E20:AI20,"WO") | AK20: 0 | AL20: Deepak Joshi
A21: ='02_Employee_Master'!A19 | B21: ='02_Employee_Master'!B19 | C21: ='02_Employee_Master'!D19 | D21: ='02_Employee_Master'!C19 | E21: ='W1_Roster'!E21 | F21: ='W1_Roster'!F21 | G21: ='W1_Roster'!G21 | H21: ='W1_Roster'!H21 | I21: ='W1_Roster'!I21 | J21: ='W1_Roster'!J21 | K21: ='W1_Roster'!K21 | L21: ='W2_Roster'!E21 | M21: ='W2_Roster'!F21 | N21: ='W2_Roster'!G21 | O21: ='W2_Roster'!H21 | P21: ='W2_Roster'!I21 | Q21: ='W2_Roster'!J21 | R21: ='W2_Roster'!K21 | S21: ='W3_Roster'!E21 | T21: ='W3_Roster'!F21 | U21: ='W3_Roster'!G21 | V21: ='W3_Roster'!H21 | W21: ='W3_Roster'!I21 | X21: ='W3_Roster'!J21 | Y21: ='W3_Roster'!K21 | Z21: ='W4_Roster'!E21 | AA21: ='W4_Roster'!F21 | AB21: ='W4_Roster'!G21 | AC21: ='W4_Roster'!H21 | AD21: ='W4_Roster'!I21 | AE21: ='W4_Roster'!J21 | AF21: ='W4_Roster'!K21 | AG21: ='W5_Roster'!E21 | AH21: ='W5_Roster'!F21 | AI21: ='W5_Roster'!G21 | AJ21: =COUNTIF(E21:AI21,"WO") | AK21: 0
A22: ='02_Employee_Master'!A20 | B22: ='02_Employee_Master'!B20 | C22: ='02_Employee_Master'!D20 | D22: ='02_Employee_Master'!C20 | E22: ='W1_Roster'!E22 | F22: ='W1_Roster'!F22 | G22: ='W1_Roster'!G22 | H22: ='W1_Roster'!H22 | I22: ='W1_Roster'!I22 | J22: ='W1_Roster'!J22 | K22: ='W1_Roster'!K22 | L22: ='W2_Roster'!E22 | M22: ='W2_Roster'!F22 | N22: ='W2_Roster'!G22 | O22: ='W2_Roster'!H22 | P22: ='W2_Roster'!I22 | Q22: ='W2_Roster'!J22 | R22: ='W2_Roster'!K22 | S22: ='W3_Roster'!E22 | T22: ='W3_Roster'!F22 | U22: ='W3_Roster'!G22 | V22: ='W3_Roster'!H22 | W22: ='W3_Roster'!I22 | X22: ='W3_Roster'!J22 | Y22: ='W3_Roster'!K22 | Z22: ='W4_Roster'!E22 | AA22: ='W4_Roster'!F22 | AB22: ='W4_Roster'!G22 | AC22: ='W4_Roster'!H22 | AD22: ='W4_Roster'!I22 | AE22: ='W4_Roster'!J22 | AF22: ='W4_Roster'!K22 | AG22: ='W5_Roster'!E22 | AH22: ='W5_Roster'!F22 | AI22: ='W5_Roster'!G22 | AJ22: =COUNTIF(E22:AI22,"WO") | AK22: 0
A23: ='02_Employee_Master'!A21 | B23: ='02_Employee_Master'!B21 | C23: ='02_Employee_Master'!D21 | D23: ='02_Employee_Master'!C21 | E23: ='W1_Roster'!E23 | F23: ='W1_Roster'!F23 | G23: ='W1_Roster'!G23 | H23: ='W1_Roster'!H23 | I23: ='W1_Roster'!I23 | J23: ='W1_Roster'!J23 | K23: ='W1_Roster'!K23 | L23: ='W2_Roster'!E23 | M23: ='W2_Roster'!F23 | N23: ='W2_Roster'!G23 | O23: ='W2_Roster'!H23 | P23: ='W2_Roster'!I23 | Q23: ='W2_Roster'!J23 | R23: ='W2_Roster'!K23 | S23: ='W3_Roster'!E23 | T23: ='W3_Roster'!F23 | U23: ='W3_Roster'!G23 | V23: ='W3_Roster'!H23 | W23: ='W3_Roster'!I23 | X23: ='W3_Roster'!J23 | Y23: ='W3_Roster'!K23 | Z23: ='W4_Roster'!E23 | AA23: ='W4_Roster'!F23 | AB23: ='W4_Roster'!G23 | AC23: ='W4_Roster'!H23 | AD23: ='W4_Roster'!I23 | AE23: ='W4_Roster'!J23 | AF23: ='W4_Roster'!K23 | AG23: ='W5_Roster'!E23 | AH23: ='W5_Roster'!F23 | AI23: ='W5_Roster'!G23 | AJ23: =COUNTIF(E23:AI23,"WO") | AK23: 0
A24: ='02_Employee_Master'!A22 | B24: ='02_Employee_Master'!B22 | C24: ='02_Employee_Master'!D22 | D24: ='02_Employee_Master'!C22 | E24: ='W1_Roster'!E24 | F24: ='W1_Roster'!F24 | G24: ='W1_Roster'!G24 | H24: ='W1_Roster'!H24 | I24: ='W1_Roster'!I24 | J24: ='W1_Roster'!J24 | K24: ='W1_Roster'!K24 | L24: ='W2_Roster'!E24 | M24: ='W2_Roster'!F24 | N24: ='W2_Roster'!G24 | O24: ='W2_Roster'!H24 | P24: ='W2_Roster'!I24 | Q24: ='W2_Roster'!J24 | R24: ='W2_Roster'!K24 | S24: ='W3_Roster'!E24 | T24: ='W3_Roster'!F24 | U24: ='W3_Roster'!G24 | V24: ='W3_Roster'!H24 | W24: ='W3_Roster'!I24 | X24: ='W3_Roster'!J24 | Y24: ='W3_Roster'!K24 | Z24: ='W4_Roster'!E24 | AA24: ='W4_Roster'!F24 | AB24: ='W4_Roster'!G24 | AC24: ='W4_Roster'!H24 | AD24: ='W4_Roster'!I24 | AE24: ='W4_Roster'!J24 | AF24: ='W4_Roster'!K24 | AG24: ='W5_Roster'!E24 | AH24: ='W5_Roster'!F24 | AI24: ='W5_Roster'!G24 | AJ24: =COUNTIF(E24:AI24,"WO") | AK24: 0
A25: ='02_Employee_Master'!A23 | B25: ='02_Employee_Master'!B23 | C25: ='02_Employee_Master'!D23 | D25: ='02_Employee_Master'!C23 | E25: ='W1_Roster'!E25 | F25: ='W1_Roster'!F25 | G25: ='W1_Roster'!G25 | H25: ='W1_Roster'!H25 | I25: ='W1_Roster'!I25 | J25: ='W1_Roster'!J25 | K25: ='W1_Roster'!K25 | L25: ='W2_Roster'!E25 | M25: ='W2_Roster'!F25 | N25: ='W2_Roster'!G25 | O25: ='W2_Roster'!H25 | P25: ='W2_Roster'!I25 | Q25: ='W2_Roster'!J25 | R25: ='W2_Roster'!K25 | S25: ='W3_Roster'!E25 | T25: ='W3_Roster'!F25 | U25: ='W3_Roster'!G25 | V25: ='W3_Roster'!H25 | W25: ='W3_Roster'!I25 | X25: ='W3_Roster'!J25 | Y25: ='W3_Roster'!K25 | Z25: ='W4_Roster'!E25 | AA25: ='W4_Roster'!F25 | AB25: ='W4_Roster'!G25 | AC25: ='W4_Roster'!H25 | AD25: ='W4_Roster'!I25 | AE25: ='W4_Roster'!J25 | AF25: ='W4_Roster'!K25 | AG25: ='W5_Roster'!E25 | AH25: ='W5_Roster'!F25 | AI25: ='W5_Roster'!G25 | AJ25: =COUNTIF(E25:AI25,"WO") | AK25: 0
A26: ='02_Employee_Master'!A24 | B26: ='02_Employee_Master'!B24 | C26: ='02_Employee_Master'!D24 | D26: ='02_Employee_Master'!C24 | E26: ='W1_Roster'!E26 | F26: ='W1_Roster'!F26 | G26: ='W1_Roster'!G26 | H26: ='W1_Roster'!H26 | I26: ='W1_Roster'!I26 | J26: ='W1_Roster'!J26 | K26: ='W1_Roster'!K26 | L26: ='W2_Roster'!E26 | M26: ='W2_Roster'!F26 | N26: ='W2_Roster'!G26 | O26: ='W2_Roster'!H26 | P26: ='W2_Roster'!I26 | Q26: ='W2_Roster'!J26 | R26: ='W2_Roster'!K26 | S26: ='W3_Roster'!E26 | T26: ='W3_Roster'!F26 | U26: ='W3_Roster'!G26 | V26: ='W3_Roster'!H26 | W26: ='W3_Roster'!I26 | X26: ='W3_Roster'!J26 | Y26: ='W3_Roster'!K26 | Z26: ='W4_Roster'!E26 | AA26: ='W4_Roster'!F26 | AB26: ='W4_Roster'!G26 | AC26: ='W4_Roster'!H26 | AD26: ='W4_Roster'!I26 | AE26: ='W4_Roster'!J26 | AF26: ='W4_Roster'!K26 | AG26: ='W5_Roster'!E26 | AH26: ='W5_Roster'!F26 | AI26: ='W5_Roster'!G26 | AJ26: =COUNTIF(E26:AI26,"WO") | AK26: 0 | AL26: Thomas Mathew
A27: ='02_Employee_Master'!A25 | B27: ='02_Employee_Master'!B25 | C27: ='02_Employee_Master'!D25 | D27: ='02_Employee_Master'!C25 | E27: ='W1_Roster'!E27 | F27: ='W1_Roster'!F27 | G27: ='W1_Roster'!G27 | H27: ='W1_Roster'!H27 | I27: ='W1_Roster'!I27 | J27: ='W1_Roster'!J27 | K27: ='W1_Roster'!K27 | L27: ='W2_Roster'!E27 | M27: ='W2_Roster'!F27 | N27: ='W2_Roster'!G27 | O27: ='W2_Roster'!H27 | P27: ='W2_Roster'!I27 | Q27: ='W2_Roster'!J27 | R27: ='W2_Roster'!K27 | S27: ='W3_Roster'!E27 | T27: ='W3_Roster'!F27 | U27: ='W3_Roster'!G27 | V27: ='W3_Roster'!H27 | W27: ='W3_Roster'!I27 | X27: ='W3_Roster'!J27 | Y27: ='W3_Roster'!K27 | Z27: ='W4_Roster'!E27 | AA27: ='W4_Roster'!F27 | AB27: ='W4_Roster'!G27 | AC27: ='W4_Roster'!H27 | AD27: ='W4_Roster'!I27 | AE27: ='W4_Roster'!J27 | AF27: ='W4_Roster'!K27 | AG27: ='W5_Roster'!E27 | AH27: ='W5_Roster'!F27 | AI27: ='W5_Roster'!G27 | AJ27: =COUNTIF(E27:AI27,"WO")
A28: Morning (M) headcount | E28: =IF(E$6>DAY(DATE($D$5,$B$5+1,0)),"",COUNTIF(E8:E27,"M")) | F28: =IF(F$6>DAY(DATE($D$5,$B$5+1,0)),"",COUNTIF(F8:F27,"M")) | G28: =IF(G$6>DAY(DATE($D$5,$B$5+1,0)),"",COUNTIF(G8:G27,"M")) | H28: =IF(H$6>DAY(DATE($D$5,$B$5+1,0)),"",COUNTIF(H8:H27,"M")) | I28: =IF(I$6>DAY(DATE($D$5,$B$5+1,0)),"",COUNTIF(I8:I27,"M")) | J28: =IF(J$6>DAY(DATE($D$5,$B$5+1,0)),"",COUNTIF(J8:J27,"M")) | K28: =IF(K$6>DAY(DATE($D$5,$B$5+1,0)),"",COUNTIF(K8:K27,"M")) | L28: =IF(L$6>DAY(DATE($D$5,$B$5+1,0)),"",COUNTIF(L8:L27,"M")) | ... AI28: =IF(AI$6>DAY(DATE($D$5,$B$5+1,0)),"",COUNTIF(AI8:AI27,"M"))
A29: Evening (E) headcount | E29: =IF(E$6>DAY(DATE($D$5,$B$5+1,0)),"",COUNTIF(E8:E27,"E")) | F29: =IF(F$6>DAY(DATE($D$5,$B$5+1,0)),"",COUNTIF(F8:F27,"E")) | G29: =IF(G$6>DAY(DATE($D$5,$B$5+1,0)),"",COUNTIF(G8:G27,"E")) | H29: =IF(H$6>DAY(DATE($D$5,$B$5+1,0)),"",COUNTIF(H8:H27,"E")) | I29: =IF(I$6>DAY(DATE($D$5,$B$5+1,0)),"",COUNTIF(I8:I27,"E")) | J29: =IF(J$6>DAY(DATE($D$5,$B$5+1,0)),"",COUNTIF(J8:J27,"E")) | K29: =IF(K$6>DAY(DATE($D$5,$B$5+1,0)),"",COUNTIF(K8:K27,"E")) | L29: =IF(L$6>DAY(DATE($D$5,$B$5+1,0)),"",COUNTIF(L8:L27,"E")) | ... AI29: =IF(AI$6>DAY(DATE($D$5,$B$5+1,0)),"",COUNTIF(AI8:AI27,"E"))
A30: Night (N) headcount | E30: =IF(E$6>DAY(DATE($D$5,$B$5+1,0)),"",COUNTIF(E8:E27,"N")) | F30: =IF(F$6>DAY(DATE($D$5,$B$5+1,0)),"",COUNTIF(F8:F27,"N")) | G30: =IF(G$6>DAY(DATE($D$5,$B$5+1,0)),"",COUNTIF(G8:G27,"N")) | H30: =IF(H$6>DAY(DATE($D$5,$B$5+1,0)),"",COUNTIF(H8:H27,"N")) | I30: =IF(I$6>DAY(DATE($D$5,$B$5+1,0)),"",COUNTIF(I8:I27,"N")) | J30: =IF(J$6>DAY(DATE($D$5,$B$5+1,0)),"",COUNTIF(J8:J27,"N")) | K30: =IF(K$6>DAY(DATE($D$5,$B$5+1,0)),"",COUNTIF(K8:K27,"N")) | L30: =IF(L$6>DAY(DATE($D$5,$B$5+1,0)),"",COUNTIF(L8:L27,"N")) | ... AI30: =IF(AI$6>DAY(DATE($D$5,$B$5+1,0)),"",COUNTIF(AI8:AI27,"N"))
A32: Note: Day cells on Full Month are linked from Week 1–5 sheets. Enter / change shifts on W1_Roster … W5_Roster (use the buttons above).

Sheet W1_Roster
A1: PATHCARE DIAGNOSTICS · Pathology Laboratory
A2: WEEK 1 ROSTER · Days 1–7
A3: Edit shifts here · Syncs to Full Month automatically · Period = Roster Month/Year
A4: GO → | B4: Full Month | C4: ● W1 | D4: ▶ W2 | E4: ▶ W3 | F4: ▶ W4 | G4: ▶ W5 | H4: You are on Week 1 | Drop-down: M E N WO PH LV TR
A5: Month | B5: ='03_Roster'!B5 | C5: Year | D5: ='03_Roster'!D5
A6: Emp ID | B6: Employee Name | C6: Department | D6: Designation | E6: 1 | F6: 2 | G6: 3 | H6: 4 | I6: 5 | J6: 6 | K6: 7 | L6: Backup | M6: Week notes
E7: =IF(E$6>DAY(DATE('03_Roster'!$D$5,'03_Roster'!$B$5+1,0)),"",TEXT(DATE('03_Roster'!$D$5,'03_Roster'!$B$5,E$6),"DDD")) | F7: =IF(F$6>DAY(DATE('03_Roster'!$D$5,'03_Roster'!$B$5+1,0)),"",TEXT(DATE('03_Roster'!$D$5,'03_Roster'!$B$5,F$6),"DDD")) | G7: =IF(G$6>DAY(DATE('03_Roster'!$D$5,'03_Roster'!$B$5+1,0)),"",TEXT(DATE('03_Roster'!$D$5,'03_Roster'!$B$5,G$6),"DDD")) | H7: =IF(H$6>DAY(DATE('03_Roster'!$D$5,'03_Roster'!$B$5+1,0)),"",TEXT(DATE('03_Roster'!$D$5,'03_Roster'!$B$5,H$6),"DDD")) | I7: =IF(I$6>DAY(DATE('03_Roster'!$D$5,'03_Roster'!$B$5+1,0)),"",TEXT(DATE('03_Roster'!$D$5,'03_Roster'!$B$5,I$6),"DDD")) | J7: =IF(J$6>DAY(DATE('03_Roster'!$D$5,'03_Roster'!$B$5+1,0)),"",TEXT(DATE('03_Roster'!$D$5,'03_Roster'!$B$5,J$6),"DDD")) | K7: =IF(K$6>DAY(DATE('03_Roster'!$D$5,'03_Roster'!$B$5+1,0)),"",TEXT(DATE('03_Roster'!$D$5,'03_Roster'!$B$5,K$6),"DDD"))
A8: ='02_Employee_Master'!A6 | B8: ='02_Employee_Master'!B6 | C8: ='02_Employee_Master'!D6 | D8: ='02_Employee_Master'!C6 | E8: M | F8: M | G8: M | H8: M | I8: M | J8: M | K8: WO | L8: Vikram Singh
A9: ='02_Employee_Master'!A7 | B9: ='02_Employee_Master'!B7 | C9: ='02_Employee_Master'!D7 | D9: ='02_Employee_Master'!C7 | E9: M | F9: WO | G9: M | H9: E | I9: M | J9: M | K9: M
A10: ='02_Employee_Master'!A8 | B10: ='02_Employee_Master'!B8 | C10: ='02_Employee_Master'!D8 | D10: ='02_Employee_Master'!C8 | E10: N | F10: M | G10: E | H10: WO | I10: M | J10: M | K10: M
A11: ='02_Employee_Master'!A9 | B11: ='02_Employee_Master'!B9 | C11: ='02_Employee_Master'!D9 | D11: ='02_Employee_Master'!C9 | E11: M | F11: E | G11: M | H11: M | I11: M | J11: WO | K11: N
A12: ='02_Employee_Master'!A10 | B12: ='02_Employee_Master'!B10 | C12: ='02_Employee_Master'!D10 | D12: ='02_Employee_Master'!C10 | E12: WO | F12: E | G12: M | H12: M | I12: E | J12: M | K12: M
A13: ='02_Employee_Master'!A11 | B13: ='02_Employee_Master'!B11 | C13: ='02_Employee_Master'!D11 | D13: ='02_Employee_Master'!C11 | E13: M | F13: M | G13: WO | H13: M | I13: N | J13: M | K13: M
A14: ='02_Employee_Master'!A12 | B14: ='02_Employee_Master'!B12 | C14: ='02_Employee_Master'!D12 | D14: ='02_Employee_Master'!C12 | E14: M | F14: M | G14: E | H14: M | I14: WO | J14: E | K14: M | L14: Karan Malhotra
A15: ='02_Employee_Master'!A13 | B15: ='02_Employee_Master'!B13 | C15: ='02_Employee_Master'!D13 | D15: ='02_Employee_Master'!C13 | E15: M | F15: M | G15: N | H15: M | I15: M | J15: M | K15: WO
A16: ='02_Employee_Master'!A14 | B16: ='02_Employee_Master'!B14 | C16: ='02_Employee_Master'!D14 | D16: ='02_Employee_Master'!C14 | E16: M | F16: WO | G16: M | H16: M | I16: M | J16: M | K16: M
A17: ='02_Employee_Master'!A15 | B17: ='02_Employee_Master'!B15 | C17: ='02_Employee_Master'!D15 | D17: ='02_Employee_Master'!C15 | E17: M | F17: M | G17: E | H17: WO | I17: M | J17: E | K17: M
A18: ='02_Employee_Master'!A16 | B18: ='02_Employee_Master'!B16 | C18: ='02_Employee_Master'!D16 | D18: ='02_Employee_Master'!C16 | E18: M | F18: M | G18: M | H18: M | I18: M | J18: WO | K18: M
A19: ='02_Employee_Master'!A17 | B19: ='02_Employee_Master'!B17 | C19: ='02_Employee_Master'!D17 | D19: ='02_Employee_Master'!C17 | E19: WO | F19: M | G19: M | H19: E | I19: M | J19: N | K19: M
A20: ='02_Employee_Master'!A18 | B20: ='02_Employee_Master'!B18 | C20: ='02_Employee_Master'!D18 | D20: ='02_Employee_Master'!C18 | E20: M | F20: M | G20: WO | H20: M | I20: M | J20: M | K20: M | L20: Deepak Joshi
A21: ='02_Employee_Master'!A19 | B21: ='02_Employee_Master'!B19 | C21: ='02_Employee_Master'!D19 | D21: ='02_Employee_Master'!C19 | E21: M | F21: E | G21: M | H21: M | I21: WO | J21: M | K21: M
A22: ='02_Employee_Master'!A20 | B22: ='02_Employee_Master'!B20 | C22: ='02_Employee_Master'!D20 | D22: ='02_Employee_Master'!C20 | E22: M | F22: M | G22: M | H22: M | I22: M | J22: M | K22: WO
A23: ='02_Employee_Master'!A21 | B23: ='02_Employee_Master'!B21 | C23: ='02_Employee_Master'!D21 | D23: ='02_Employee_Master'!C21 | E23: M | F23: WO | G23: M | H23: M | I23: E | J23: M | K23: M
A24: ='02_Employee_Master'!A22 | B24: ='02_Employee_Master'!B22 | C24: ='02_Employee_Master'!D22 | D24: ='02_Employee_Master'!C22 | E24: M | F24: E | G24: M | H24: WO | I24: E | J24: M | K24: M
A25: ='02_Employee_Master'!A23 | B25: ='02_Employee_Master'!B23 | C25: ='02_Employee_Master'!D23 | D25: ='02_Employee_Master'!C23 | E25: M | F25: M | G25: M | H25: M | I25: M | J25: WO | K25: M
A26: ='02_Employee_Master'!A24 | B26: ='02_Employee_Master'!B24 | C26: ='02_Employee_Master'!D24 | D26: ='02_Employee_Master'!C24 | E26: WO | F26: M | G26: M | H26: M | I26: M | J26: M | K26: M | L26: Thomas Mathew
A27: ='02_Employee_Master'!A25 | B27: ='02_Employee_Master'!B25 | C27: ='02_Employee_Master'!D25 | D27: ='02_Employee_Master'!C25
A28: On duty (M+E+N) | E28: =COUNTIF(E8:E27,"M")+COUNTIF(E8:E27,"E")+COUNTIF(E8:E27,"N") | F28: =COUNTIF(F8:F27,"M")+COUNTIF(F8:F27,"E")+COUNTIF(F8:F27,"N") | G28: =COUNTIF(G8:G27,"M")+COUNTIF(G8:G27,"E")+COUNTIF(G8:G27,"N") | H28: =COUNTIF(H8:H27,"M")+COUNTIF(H8:H27,"E")+COUNTIF(H8:H27,"N") | I28: =COUNTIF(I8:I27,"M")+COUNTIF(I8:I27,"E")+COUNTIF(I8:I27,"N") | J28: =COUNTIF(J8:J27,"M")+COUNTIF(J8:J27,"E")+COUNTIF(J8:J27,"N") | K28: =COUNTIF(K8:K27,"M")+COUNTIF(K8:K27,"E")+COUNTIF(K8:K27,"N")

Sheet W2_Roster
A1: PATHCARE DIAGNOSTICS · Pathology Laboratory
A2: WEEK 2 ROSTER · Days 8–14
A3: Edit shifts here · Syncs to Full Month automatically · Period = Roster Month/Year
A4: GO → | B4: Full Month | C4: ▶ W1 | D4: ● W2 | E4: ▶ W3 | F4: ▶ W4 | G4: ▶ W5 | H4: You are on Week 2 | Drop-down: M E N WO PH LV TR
A5: Month | B5: ='03_Roster'!B5 | C5: Year | D5: ='03_Roster'!D5
A6: Emp ID | B6: Employee Name | C6: Department | D6: Designation | E6: 8 | F6: 9 | G6: 10 | H6: 11 | I6: 12 | J6: 13 | K6: 14 | L6: Backup | M6: Week notes
E7: =IF(E$6>DAY(DATE('03_Roster'!$D$5,'03_Roster'!$B$5+1,0)),"",TEXT(DATE('03_Roster'!$D$5,'03_Roster'!$B$5,E$6),"DDD")) | F7: =IF(F$6>DAY(DATE('03_Roster'!$D$5,'03_Roster'!$B$5+1,0)),"",TEXT(DATE('03_Roster'!$D$5,'03_Roster'!$B$5,F$6),"DDD")) | G7: =IF(G$6>DAY(DATE('03_Roster'!$D$5,'03_Roster'!$B$5+1,0)),"",TEXT(DATE('03_Roster'!$D$5,'03_Roster'!$B$5,G$6),"DDD")) | H7: =IF(H$6>DAY(DATE('03_Roster'!$D$5,'03_Roster'!$B$5+1,0)),"",TEXT(DATE('03_Roster'!$D$5,'03_Roster'!$B$5,H$6),"DDD")) | I7: =IF(I$6>DAY(DATE('03_Roster'!$D$5,'03_Roster'!$B$5+1,0)),"",TEXT(DATE('03_Roster'!$D$5,'03_Roster'!$B$5,I$6),"DDD")) | J7: =IF(J$6>DAY(DATE('03_Roster'!$D$5,'03_Roster'!$B$5+1,0)),"",TEXT(DATE('03_Roster'!$D$5,'03_Roster'!$B$5,J$6),"DDD")) | K7: =IF(K$6>DAY(DATE('03_Roster'!$D$5,'03_Roster'!$B$5+1,0)),"",TEXT(DATE('03_Roster'!$D$5,'03_Roster'!$B$5,K$6),"DDD"))
A8: ='02_Employee_Master'!A6 | B8: ='02_Employee_Master'!B6 | C8: ='02_Employee_Master'!D6 | D8: ='02_Employee_Master'!C6 | E8: M | F8: M | G8: M | H8: M | I8: M | J8: M | K8: WO | L8: Vikram Singh
A9: ='02_Employee_Master'!A7 | B9: ='02_Employee_Master'!B7 | C9: ='02_Employee_Master'!D7 | D9: ='02_Employee_Master'!C7 | E9: M | F9: WO | G9: M | H9: M | I9: M | J9: M | K9: E
A10: ='02_Employee_Master'!A8 | B10: ='02_Employee_Master'!B8 | C10: ='02_Employee_Master'!D8 | D10: ='02_Employee_Master'!C8 | E10: N | F10: M | G10: M | H10: WO | I10: M | J10: E | K10: M
A11: ='02_Employee_Master'!A9 | B11: ='02_Employee_Master'!B9 | C11: ='02_Employee_Master'!D9 | D11: ='02_Employee_Master'!C9 | E11: M | F11: M | G11: M | H11: M | I11: E | J11: WO | K11: N
A12: ='02_Employee_Master'!A10 | B12: ='02_Employee_Master'!B10 | C12: ='02_Employee_Master'!D10 | D12: ='02_Employee_Master'!C10 | E12: WO | F12: M | G12: M | H12: E | I12: M | J12: M | K12: E
A13: ='02_Employee_Master'!A11 | B13: ='02_Employee_Master'!B11 | C13: ='02_Employee_Master'!D11 | D13: ='02_Employee_Master'!C11 | E13: M | F13: M | G13: WO | H13: M | I13: N | J13: M | K13: M
A14: ='02_Employee_Master'!A12 | B14: ='02_Employee_Master'!B12 | C14: ='02_Employee_Master'!D12 | D14: ='02_Employee_Master'!C12 | E14: M | F14: E | G14: M | H14: M | I14: WO | J14: M | K14: M | L14: Karan Malhotra
A15: ='02_Employee_Master'!A13 | B15: ='02_Employee_Master'!B13 | C15: ='02_Employee_Master'!D13 | D15: ='02_Employee_Master'!C13 | E15: E | F15: M | G15: N | H15: M | I15: M | J15: E | K15: WO
A16: ='02_Employee_Master'!A14 | B16: ='02_Employee_Master'!B14 | C16: ='02_Employee_Master'!D14 | D16: ='02_Employee_Master'!C14 | E16: M | F16: WO | G16: M | H16: M | I16: M | J16: M | K16: M
A17: ='02_Employee_Master'!A15 | B17: ='02_Employee_Master'!B15 | C17: ='02_Employee_Master'!D15 | D17: ='02_Employee_Master'!C15 | E17: M | F17: E | G17: M | H17: WO | I17: E | J17: M | K17: M
A18: ='02_Employee_Master'!A16 | B18: ='02_Employee_Master'!B16 | C18: ='02_Employee_Master'!D16 | D18: ='02_Employee_Master'!C16 | E18: M | F18: M | G18: M | H18: M | I18: M | J18: WO | K18: M
A19: ='02_Employee_Master'!A17 | B19: ='02_Employee_Master'!B17 | C19: ='02_Employee_Master'!D17 | D19: ='02_Employee_Master'!C17 | E19: WO | F19: E | G19: M | H19: M | I19: M | J19: N | K19: E
A20: ='02_Employee_Master'!A18 | B20: ='02_Employee_Master'!B18 | C20: ='02_Employee_Master'!D18 | D20: ='02_Employee_Master'!C18 | E20: M | F20: M | G20: WO | H20: M | I20: M | J20: M | K20: M | L20: Deepak Joshi
A21: ='02_Employee_Master'!A19 | B21: ='02_Employee_Master'!B19 | C21: ='02_Employee_Master'!D19 | D21: ='02_Employee_Master'!C19 | E21: E | F21: M | G21: M | H21: E | I21: WO | J21: M | K21: E
A22: ='02_Employee_Master'!A20 | B22: ='02_Employee_Master'!B20 | C22: ='02_Employee_Master'!D20 | D22: ='02_Employee_Master'!C20 | E22: M | F22: M | G22: M | H22: M | I22: M | J22: M | K22: WO
A23: ='02_Employee_Master'!A21 | B23: ='02_Employee_Master'!B21 | C23: ='02_Employee_Master'!D21 | D23: ='02_Employee_Master'!C21 | E23: M | F23: WO | G23: E | H23: M | I23: M | J23: M | K23: M
A24: ='02_Employee_Master'!A22 | B24: ='02_Employee_Master'!B22 | C24: ='02_Employee_Master'!D22 | D24: ='02_Employee_Master'!C22 | E24: E | F24: M | G24: M | H24: WO | I24: M | J24: M | K24: E
A25: ='02_Employee_Master'!A23 | B25: ='02_Employee_Master'!B23 | C25: ='02_Employee_Master'!D23 | D25: ='02_Employee_Master'!C23 | E25: M | F25: M | G25: M | H25: M | I25: M | J25: WO | K25: M
A26: ='02_Employee_Master'!A24 | B26: ='02_Employee_Master'!B24 | C26: ='02_Employee_Master'!D24 | D26: ='02_Employee_Master'!C24 | E26: WO | F26: M | G26: M | H26: M | I26: M | J26: M | K26: M | L26: Thomas Mathew
A27: ='02_Employee_Master'!A25 | B27: ='02_Employee_Master'!B25 | C27: ='02_Employee_Master'!D25 | D27: ='02_Employee_Master'!C25
A28: On duty (M+E+N) | E28: =COUNTIF(E8:E27,"M")+COUNTIF(E8:E27,"E")+COUNTIF(E8:E27,"N") | F28: =COUNTIF(F8:F27,"M")+COUNTIF(F8:F27,"E")+COUNTIF(F8:F27,"N") | G28: =COUNTIF(G8:G27,"M")+COUNTIF(G8:G27,"E")+COUNTIF(G8:G27,"N") | H28: =COUNTIF(H8:H27,"M")+COUNTIF(H8:H27,"E")+COUNTIF(H8:H27,"N") | I28: =COUNTIF(I8:I27,"M")+COUNTIF(I8:I27,"E")+COUNTIF(I8:I27,"N") | J28: =COUNTIF(J8:J27,"M")+COUNTIF(J8:J27,"E")+COUNTIF(J8:J27,"N") | K28: =COUNTIF(K8:K27,"M")+COUNTIF(K8:K27,"E")+COUNTIF(K8:K27,"N")

Sheet W3_Roster
A1: PATHCARE DIAGNOSTICS · Pathology Laboratory
A2: WEEK 3 ROSTER · Days 15–21
A3: Edit shifts here · Syncs to Full Month automatically · Period = Roster Month/Year
A4: GO → | B4: Full Month | C4: ▶ W1 | D4: ▶ W2 | E4: ● W3 | F4: ▶ W4 | G4: ▶ W5 | H4: You are on Week 3 | Drop-down: M E N WO PH LV TR
A5: Month | B5: ='03_Roster'!B5 | C5: Year | D5: ='03_Roster'!D5
A6: Emp ID | B6: Employee Name | C6: Department | D6: Designation | E6: 15 | F6: 16 | G6: 17 | H6: 18 | I6: 19 | J6: 20 | K6: 21 | L6: Backup | M6: Week notes
E7: =IF(E$6>DAY(DATE('03_Roster'!$D$5,'03_Roster'!$B$5+1,0)),"",TEXT(DATE('03_Roster'!$D$5,'03_Roster'!$B$5,E$6),"DDD")) | F7: =IF(F$6>DAY(DATE('03_Roster'!$D$5,'03_Roster'!$B$5+1,0)),"",TEXT(DATE('03_Roster'!$D$5,'03_Roster'!$B$5,F$6),"DDD")) | G7: =IF(G$6>DAY(DATE('03_Roster'!$D$5,'03_Roster'!$B$5+1,0)),"",TEXT(DATE('03_Roster'!$D$5,'03_Roster'!$B$5,G$6),"DDD")) | H7: =IF(H$6>DAY(DATE('03_Roster'!$D$5,'03_Roster'!$B$5+1,0)),"",TEXT(DATE('03_Roster'!$D$5,'03_Roster'!$B$5,H$6),"DDD")) | I7: =IF(I$6>DAY(DATE('03_Roster'!$D$5,'03_Roster'!$B$5+1,0)),"",TEXT(DATE('03_Roster'!$D$5,'03_Roster'!$B$5,I$6),"DDD")) | J7: =IF(J$6>DAY(DATE('03_Roster'!$D$5,'03_Roster'!$B$5+1,0)),"",TEXT(DATE('03_Roster'!$D$5,'03_Roster'!$B$5,J$6),"DDD")) | K7: =IF(K$6>DAY(DATE('03_Roster'!$D$5,'03_Roster'!$B$5+1,0)),"",TEXT(DATE('03_Roster'!$D$5,'03_Roster'!$B$5,K$6),"DDD"))
A8: ='02_Employee_Master'!A6 | B8: ='02_Employee_Master'!B6 | C8: ='02_Employee_Master'!D6 | D8: ='02_Employee_Master'!C6 | E8: M | F8: M | G8: M | H8: M | I8: M | J8: M | K8: WO | L8: Vikram Singh
A9: ='02_Employee_Master'!A7 | B9: ='02_Employee_Master'!B7 | C9: ='02_Employee_Master'!D7 | D9: ='02_Employee_Master'!C7 | E9: M | F9: WO | G9: M | H9: M | I9: E | J9: M | K9: M
A10: ='02_Employee_Master'!A8 | B10: ='02_Employee_Master'!B8 | C10: ='02_Employee_Master'!D8 | D10: ='02_Employee_Master'!C8 | E10: N | F10: M | G10: M | H10: WO | I10: M | J10: M | K10: M
A11: ='02_Employee_Master'!A9 | B11: ='02_Employee_Master'!B9 | C11: ='02_Employee_Master'!D9 | D11: ='02_Employee_Master'!C9 | E11: M | F11: M | G11: E | H11: M | I11: M | J11: WO | K11: N
A12: ='02_Employee_Master'!A10 | B12: ='02_Employee_Master'!B10 | C12: ='02_Employee_Master'!D10 | D12: ='02_Employee_Master'!C10 | E12: WO | F12: M | G12: E | H12: M | I12: M | J12: E | K12: M
A13: ='02_Employee_Master'!A11 | B13: ='02_Employee_Master'!B11 | C13: ='02_Employee_Master'!D11 | D13: ='02_Employee_Master'!C11 | E13: E | F13: M | G13: WO | H13: M | I13: N | J13: E | K13: M
A14: ='02_Employee_Master'!A12 | B14: ='02_Employee_Master'!B12 | C14: ='02_Employee_Master'!D12 | D14: ='02_Employee_Master'!C12 | E14: E | F14: M | G14: M | H14: E | I14: WO | J14: M | K14: E | L14: Karan Malhotra
A15: ='02_Employee_Master'!A13 | B15: ='02_Employee_Master'!B13 | C15: ='02_Employee_Master'!D13 | D15: ='02_Employee_Master'!C13 | E15: M | F15: M | G15: N | H15: E | I15: M | J15: M | K15: WO
A16: ='02_Employee_Master'!A14 | B16: ='02_Employee_Master'!B14 | C16: ='02_Employee_Master'!D14 | D16: ='02_Employee_Master'!C14 | E16: M | F16: WO | G16: M | H16: M | I16: M | J16: M | K16: M
A17: ='02_Employee_Master'!A15 | B17: ='02_Employee_Master'!B15 | C17: ='02_Employee_Master'!D15 | D17: ='02_Employee_Master'!C15 | E17: E | F17: M | G17: M | H17: WO | I17: M | J17: M | K17: E
A18: ='02_Employee_Master'!A16 | B18: ='02_Employee_Master'!B16 | C18: ='02_Employee_Master'!D16 | D18: ='02_Employee_Master'!C16 | E18: M | F18: M | G18: M | H18: M | I18: M | J18: WO | K18: M
A19: ='02_Employee_Master'!A17 | B19: ='02_Employee_Master'!B17 | C19: ='02_Employee_Master'!D17 | D19: ='02_Employee_Master'!C17 | E19: WO | F19: M | G19: M | H19: M | I19: E | J19: N | K19: M
A20: ='02_Employee_Master'!A18 | B20: ='02_Employee_Master'!B18 | C20: ='02_Employee_Master'!D18 | D20: ='02_Employee_Master'!C18 | E20: M | F20: M | G20: WO | H20: M | I20: M | J20: M | K20: M | L20: Deepak Joshi
A21: ='02_Employee_Master'!A19 | B21: ='02_Employee_Master'!B19 | C21: ='02_Employee_Master'!D19 | D21: ='02_Employee_Master'!C19 | E21: M | F21: M | G21: E | H21: M | I21: WO | J21: E | K21: M
A22: ='02_Employee_Master'!A20 | B22: ='02_Employee_Master'!B20 | C22: ='02_Employee_Master'!D20 | D22: ='02_Employee_Master'!C20 | E22: M | F22: M | G22: M | H22: M | I22: M | J22: M | K22: WO
A23: ='02_Employee_Master'!A21 | B23: ='02_Employee_Master'!B21 | C23: ='02_Employee_Master'!D21 | D23: ='02_Employee_Master'!C21 | E23: E | F23: WO | G23: M | H23: M | I23: M | J23: E | K23: M
A24: ='02_Employee_Master'!A22 | B24: ='02_Employee_Master'!B22 | C24: ='02_Employee_Master'!D22 | D24: ='02_Employee_Master'!C22 | E24: M | F24: M | G24: E | H24: WO | I24: M | J24: E | K24: M
A25: ='02_Employee_Master'!A23 | B25: ='02_Employee_Master'!B23 | C25: ='02_Employee_Master'!D23 | D25: ='02_Employee_Master'!C23 | E25: M | F25: M | G25: M | H25: M | I25: M | J25: WO | K25: M
A26: ='02_Employee_Master'!A24 | B26: ='02_Employee_Master'!B24 | C26: ='02_Employee_Master'!D24 | D26: ='02_Employee_Master'!C24 | E26: WO | F26: M | G26: M | H26: M | I26: M | J26: M | K26: M | L26: Thomas Mathew
A27: ='02_Employee_Master'!A25 | B27: ='02_Employee_Master'!B25 | C27: ='02_Employee_Master'!D25 | D27: ='02_Employee_Master'!C25
A28: On duty (M+E+N) | E28: =COUNTIF(E8:E27,"M")+COUNTIF(E8:E27,"E")+COUNTIF(E8:E27,"N") | F28: =COUNTIF(F8:F27,"M")+COUNTIF(F8:F27,"E")+COUNTIF(F8:F27,"N") | G28: =COUNTIF(G8:G27,"M")+COUNTIF(G8:G27,"E")+COUNTIF(G8:G27,"N") | H28: =COUNTIF(H8:H27,"M")+COUNTIF(H8:H27,"E")+COUNTIF(H8:H27,"N") | I28: =COUNTIF(I8:I27,"M")+COUNTIF(I8:I27,"E")+COUNTIF(I8:I27,"N") | J28: =COUNTIF(J8:J27,"M")+COUNTIF(J8:J27,"E")+COUNTIF(J8:J27,"N") | K28: =COUNTIF(K8:K27,"M")+COUNTIF(K8:K27,"E")+COUNTIF(K8:K27,"N")

Sheet W4_Roster
A1: PATHCARE DIAGNOSTICS · Pathology Laboratory
A2: WEEK 4 ROSTER · Days 22–28
A3: Edit shifts here · Syncs to Full Month automatically · Period = Roster Month/Year
A4: GO → | B4: Full Month | C4: ▶ W1 | D4: ▶ W2 | E4: ▶ W3 | F4: ● W4 | G4: ▶ W5 | H4: You are on Week 4 | Drop-down: M E N WO PH LV TR
A5: Month | B5: ='03_Roster'!B5 | C5: Year | D5: ='03_Roster'!D5
A6: Emp ID | B6: Employee Name | C6: Department | D6: Designation | E6: 22 | F6: 23 | G6: 24 | H6: 25 | I6: 26 | J6: 27 | K6: 28 | L6: Backup | M6: Week notes
E7: =IF(E$6>DAY(DATE('03_Roster'!$D$5,'03_Roster'!$B$5+1,0)),"",TEXT(DATE('03_Roster'!$D$5,'03_Roster'!$B$5,E$6),"DDD")) | F7: =IF(F$6>DAY(DATE('03_Roster'!$D$5,'03_Roster'!$B$5+1,0)),"",TEXT(DATE('03_Roster'!$D$5,'03_Roster'!$B$5,F$6),"DDD")) | G7: =IF(G$6>DAY(DATE('03_Roster'!$D$5,'03_Roster'!$B$5+1,0)),"",TEXT(DATE('03_Roster'!$D$5,'03_Roster'!$B$5,G$6),"DDD")) | H7: =IF(H$6>DAY(DATE('03_Roster'!$D$5,'03_Roster'!$B$5+1,0)),"",TEXT(DATE('03_Roster'!$D$5,'03_Roster'!$B$5,H$6),"DDD")) | I7: =IF(I$6>DAY(DATE('03_Roster'!$D$5,'03_Roster'!$B$5+1,0)),"",TEXT(DATE('03_Roster'!$D$5,'03_Roster'!$B$5,I$6),"DDD")) | J7: =IF(J$6>DAY(DATE('03_Roster'!$D$5,'03_Roster'!$B$5+1,0)),"",TEXT(DATE('03_Roster'!$D$5,'03_Roster'!$B$5,J$6),"DDD")) | K7: =IF(K$6>DAY(DATE('03_Roster'!$D$5,'03_Roster'!$B$5+1,0)),"",TEXT(DATE('03_Roster'!$D$5,'03_Roster'!$B$5,K$6),"DDD"))
A8: ='02_Employee_Master'!A6 | B8: ='02_Employee_Master'!B6 | C8: ='02_Employee_Master'!D6 | D8: ='02_Employee_Master'!C6 | E8: M | F8: M | G8: M | H8: M | I8: M | J8: M | K8: WO | L8: Vikram Singh
A9: ='02_Employee_Master'!A7 | B9: ='02_Employee_Master'!B7 | C9: ='02_Employee_Master'!D7 | D9: ='02_Employee_Master'!C7 | E9: M | F9: WO | G9: E | H9: M | I9: M | J9: M | K9: M
A10: ='02_Employee_Master'!A8 | B10: ='02_Employee_Master'!B8 | C10: ='02_Employee_Master'!D8 | D10: ='02_Employee_Master'!C8 | E10: N | F10: E | G10: M | H10: WO | I10: M | J10: M | K10: E
A11: ='02_Employee_Master'!A9 | B11: ='02_Employee_Master'!B9 | C11: ='02_Employee_Master'!D9 | D11: ='02_Employee_Master'!C9 | E11: E | F11: M | G11: M | H11: M | I11: M | J11: WO | K11: N
A12: ='02_Employee_Master'!A10 | B12: ='02_Employee_Master'!B10 | C12: ='02_Employee_Master'!D10 | D12: ='02_Employee_Master'!C10 | E12: WO | F12: E | G12: M | H12: M | I12: E | J12: M | K12: M
A13: ='02_Employee_Master'!A11 | B13: ='02_Employee_Master'!B11 | C13: ='02_Employee_Master'!D11 | D13: ='02_Employee_Master'!C11 | E13: M | F13: M | G13: WO | H13: E | I13: N | J13: M | K13: M
A14: ='02_Employee_Master'!A12 | B14: ='02_Employee_Master'!B12 | C14: ='02_Employee_Master'!D12 | D14: ='02_Employee_Master'!C12 | E14: M | F14: M | G14: E | H14: M | I14: WO | J14: E | K14: M | L14: Karan Malhotra
A15: ='02_Employee_Master'!A13 | B15: ='02_Employee_Master'!B13 | C15: ='02_Employee_Master'!D13 | D15: ='02_Employee_Master'!C13 | E15: M | F15: E | G15: N | H15: M | I15: M | J15: M | K15: WO
A16: ='02_Employee_Master'!A14 | B16: ='02_Employee_Master'!B14 | C16: ='02_Employee_Master'!D14 | D16: ='02_Employee_Master'!C14 | E16: M | F16: WO | G16: M | H16: M | I16: M | J16: M | K16: M
A17: ='02_Employee_Master'!A15 | B17: ='02_Employee_Master'!B15 | C17: ='02_Employee_Master'!D15 | D17: ='02_Employee_Master'!C15 | E17: M | F17: M | G17: E | H17: WO | I17: M | J17: E | K17: M
A18: ='02_Employee_Master'!A16 | B18: ='02_Employee_Master'!B16 | C18: ='02_Employee_Master'!D16 | D18: ='02_Employee_Master'!C16 | E18: M | F18: M | G18: M | H18: M | I18: M | J18: WO | K18: M
A19: ='02_Employee_Master'!A17 | B19: ='02_Employee_Master'!B17 | C19: ='02_Employee_Master'!D17 | D19: ='02_Employee_Master'!C17 | E19: WO | F19: M | G19: E | H19: M | I19: M | J19: N | K19: M
A20: ='02_Employee_Master'!A18 | B20: ='02_Employee_Master'!B18 | C20: ='02_Employee_Master'!D18 | D20: ='02_Employee_Master'!C18 | E20: M | F20: M | G20: WO | H20: M | I20: M | J20: M | K20: M | L20: Deepak Joshi
A21: ='02_Employee_Master'!A19 | B21: ='02_Employee_Master'!B19 | C21: ='02_Employee_Master'!D19 | D21: ='02_Employee_Master'!C19 | E21: M | F21: E | G21: M | H21: M | I21: WO | J21: M | K21: M
A22: ='02_Employee_Master'!A20 | B22: ='02_Employee_Master'!B20 | C22: ='02_Employee_Master'!D20 | D22: ='02_Employee_Master'!C20 | E22: M | F22: M | G22: M | H22: M | I22: M | J22: M | K22: WO
A23: ='02_Employee_Master'!A21 | B23: ='02_Employee_Master'!B21 | C23: ='02_Employee_Master'!D21 | D23: ='02_Employee_Master'!C21 | E23: M | F23: WO | G23: M | H23: E | I23: M | J23: M | K23: M
A24: ='02_Employee_Master'!A22 | B24: ='02_Employee_Master'!B22 | C24: ='02_Employee_Master'!D22 | D24: ='02_Employee_Master'!C22 | E24: M | F24: E | G24: M | H24: WO | I24: E | J24: M | K24: M
A25: ='02_Employee_Master'!A23 | B25: ='02_Employee_Master'!B23 | C25: ='02_Employee_Master'!D23 | D25: ='02_Employee_Master'!C23 | E25: M | F25: M | G25: M | H25: M | I25: M | J25: WO | K25: M
A26: ='02_Employee_Master'!A24 | B26: ='02_Employee_Master'!B24 | C26: ='02_Employee_Master'!D24 | D26: ='02_Employee_Master'!C24 | E26: WO | F26: M | G26: M | H26: M | I26: M | J26: M | K26: M | L26: Thomas Mathew
A27: ='02_Employee_Master'!A25 | B27: ='02_Employee_Master'!B25 | C27: ='02_Employee_Master'!D25 | D27: ='02_Employee_Master'!C25
A28: On duty (M+E+N) | E28: =COUNTIF(E8:E27,"M")+COUNTIF(E8:E27,"E")+COUNTIF(E8:E27,"N") | F28: =COUNTIF(F8:F27,"M")+COUNTIF(F8:F27,"E")+COUNTIF(F8:F27,"N") | G28: =COUNTIF(G8:G27,"M")+COUNTIF(G8:G27,"E")+COUNTIF(G8:G27,"N") | H28: =COUNTIF(H8:H27,"M")+COUNTIF(H8:H27,"E")+COUNTIF(H8:H27,"N") | I28: =COUNTIF(I8:I27,"M")+COUNTIF(I8:I27,"E")+COUNTIF(I8:I27,"N") | J28: =COUNTIF(J8:J27,"M")+COUNTIF(J8:J27,"E")+COUNTIF(J8:J27,"N") | K28: =COUNTIF(K8:K27,"M")+COUNTIF(K8:K27,"E")+COUNTIF(K8:K27,"N")

Sheet W5_Roster
A1: PATHCARE DIAGNOSTICS · Pathology Laboratory
A2: WEEK 5 ROSTER · Days 29–31
A3: Edit shifts here · Syncs to Full Month automatically · Period = Roster Month/Year
A4: GO → | B4: Full Month | C4: ▶ W1 | D4: ▶ W2 | E4: ▶ W3 | F4: ▶ W4 | G4: ● W5 | H4: You are on Week 5 | Drop-down: M E N WO PH LV TR
A5: Month | B5: ='03_Roster'!B5 | C5: Year | D5: ='03_Roster'!D5
A6: Emp ID | B6: Employee Name | C6: Department | D6: Designation | E6: 29 | F6: 30 | G6: 31 | H6: Backup | I6: Week notes
E7: =IF(E$6>DAY(DATE('03_Roster'!$D$5,'03_Roster'!$B$5+1,0)),"",TEXT(DATE('03_Roster'!$D$5,'03_Roster'!$B$5,E$6),"DDD")) | F7: =IF(F$6>DAY(DATE('03_Roster'!$D$5,'03_Roster'!$B$5+1,0)),"",TEXT(DATE('03_Roster'!$D$5,'03_Roster'!$B$5,F$6),"DDD")) | G7: =IF(G$6>DAY(DATE('03_Roster'!$D$5,'03_Roster'!$B$5+1,0)),"",TEXT(DATE('03_Roster'!$D$5,'03_Roster'!$B$5,G$6),"DDD"))
A8: ='02_Employee_Master'!A6 | B8: ='02_Employee_Master'!B6 | C8: ='02_Employee_Master'!D6 | D8: ='02_Employee_Master'!C6 | E8: M | F8: M | H8: Vikram Singh
A9: ='02_Employee_Master'!A7 | B9: ='02_Employee_Master'!B7 | C9: ='02_Employee_Master'!D7 | D9: ='02_Employee_Master'!C7 | E9: E | F9: WO
A10: ='02_Employee_Master'!A8 | B10: ='02_Employee_Master'!B8 | C10: ='02_Employee_Master'!D8 | D10: ='02_Employee_Master'!C8 | E10: N | F10: M
A11: ='02_Employee_Master'!A9 | B11: ='02_Employee_Master'!B9 | C11: ='02_Employee_Master'!D9 | D11: ='02_Employee_Master'!C9 | E11: M | F11: M
A12: ='02_Employee_Master'!A10 | B12: ='02_Employee_Master'!B10 | C12: ='02_Employee_Master'!D10 | D12: ='02_Employee_Master'!C10 | E12: WO | F12: M
A13: ='02_Employee_Master'!A11 | B13: ='02_Employee_Master'!B11 | C13: ='02_Employee_Master'!D11 | D13: ='02_Employee_Master'!C11 | E13: M | F13: E
A14: ='02_Employee_Master'!A12 | B14: ='02_Employee_Master'!B12 | C14: ='02_Employee_Master'!D12 | D14: ='02_Employee_Master'!C12 | E14: M | F14: E | H14: Karan Malhotra
A15: ='02_Employee_Master'!A13 | B15: ='02_Employee_Master'!B13 | C15: ='02_Employee_Master'!D13 | D15: ='02_Employee_Master'!C13 | E15: M | F15: M
A16: ='02_Employee_Master'!A14 | B16: ='02_Employee_Master'!B14 | C16: ='02_Employee_Master'!D14 | D16: ='02_Employee_Master'!C14 | E16: M | F16: WO
A17: ='02_Employee_Master'!A15 | B17: ='02_Employee_Master'!B15 | C17: ='02_Employee_Master'!D15 | D17: ='02_Employee_Master'!C15 | E17: M | F17: E
A18: ='02_Employee_Master'!A16 | B18: ='02_Employee_Master'!B16 | C18: ='02_Employee_Master'!D16 | D18: ='02_Employee_Master'!C16 | E18: M | F18: M
A19: ='02_Employee_Master'!A17 | B19: ='02_Employee_Master'!B17 | C19: ='02_Employee_Master'!D17 | D19: ='02_Employee_Master'!C17 | E19: WO | F19: M
A20: ='02_Employee_Master'!A18 | B20: ='02_Employee_Master'!B18 | C20: ='02_Employee_Master'!D18 | D20: ='02_Employee_Master'!C18 | E20: M | F20: M | H20: Deepak Joshi
A21: ='02_Employee_Master'!A19 | B21: ='02_Employee_Master'!B19 | C21: ='02_Employee_Master'!D19 | D21: ='02_Employee_Master'!C19 | E21: E | F21: M
A22: ='02_Employee_Master'!A20 | B22: ='02_Employee_Master'!B20 | C22: ='02_Employee_Master'!D20 | D22: ='02_Employee_Master'!C20 | E22: M | F22: M
A23: ='02_Employee_Master'!A21 | B23: ='02_Employee_Master'!B21 | C23: ='02_Employee_Master'!D21 | D23: ='02_Employee_Master'!C21 | E23: M | F23: WO
A24: ='02_Employee_Master'!A22 | B24: ='02_Employee_Master'!B22 | C24: ='02_Employee_Master'!D22 | D24: ='02_Employee_Master'!C22 | E24: E | F24: M
A25: ='02_Employee_Master'!A23 | B25: ='02_Employee_Master'!B23 | C25: ='02_Employee_Master'!D23 | D25: ='02_Employee_Master'!C23 | E25: M | F25: M
A26: ='02_Employee_Master'!A24 | B26: ='02_Employee_Master'!B24 | C26: ='02_Employee_Master'!D24 | D26: ='02_Employee_Master'!C24 | E26: WO | F26: M | H26: Thomas Mathew
A27: ='02_Employee_Master'!A25 | B27: ='02_Employee_Master'!B25 | C27: ='02_Employee_Master'!D25 | D27: ='02_Employee_Master'!C25
A28: On duty (M+E+N) | E28: =COUNTIF(E8:E27,"M")+COUNTIF(E8:E27,"E")+COUNTIF(E8:E27,"N") | F28: =COUNTIF(F8:F27,"M")+COUNTIF(F8:F27,"E")+COUNTIF(F8:F27,"N") | G28: =COUNTIF(G8:G27,"M")+COUNTIF(G8:G27,"E")+COUNTIF(G8:G27,"N")

Sheet 04_Attendance
A1: PATHCARE DIAGNOSTICS · Pathology Laboratory
A2: DAILY ATTENDANCE REGISTER
A3: Period follows Roster Month/Year · Clear marks when month changes · Color-coded statuses
A5: Period | B5: ='03_Roster'!B5 | C5: ='03_Roster'!D5 | D5: =DATE(C5,B5,1) | E5: Legend: P Present · A Absent · L Late · HD Half Day · WFO Work From Office · PL/UL/VL/SL Leave · H Holiday · WO Off · OT Overtime | Grey = invalid day for month
A6: Emp ID | B6: Employee Name | C6: Department | D6: Designation | E6: 1 | F6: 2 | G6: 3 | H6: 4 | I6: 5 | J6: 6 | K6: 7 | L6: 8 | M6: 9 | N6: 10 | O6: 11 | P6: 12 | Q6: 13 | R6: 14 | S6: 15 | T6: 16 | U6: 17 | V6: 18 | W6: 19 | X6: 20 | Y6: 21 | Z6: 22 | AA6: 23 | AB6: 24 | AC6: 25 | AD6: 26 | AE6: 27 | AF6: 28 | AG6: 29 | AH6: 30 | AI6: 31 | AJ6: Present | AK6: Absent | AL6: Late | AM6: Half Day | AN6: Leave | AO6: WO/H | AP6: OT Hrs | AQ6: Att %
E7: =IF(E$6>DAY(DATE('03_Roster'!$D$5,'03_Roster'!$B$5+1,0)),"",TEXT(DATE('03_Roster'!$D$5,'03_Roster'!$B$5,E$6),"DDD")) | F7: =IF(F$6>DAY(DATE('03_Roster'!$D$5,'03_Roster'!$B$5+1,0)),"",TEXT(DATE('03_Roster'!$D$5,'03_Roster'!$B$5,F$6),"DDD")) | G7: =IF(G$6>DAY(DATE('03_Roster'!$D$5,'03_Roster'!$B$5+1,0)),"",TEXT(DATE('03_Roster'!$D$5,'03_Roster'!$B$5,G$6),"DDD")) | H7: =IF(H$6>DAY(DATE('03_Roster'!$D$5,'03_Roster'!$B$5+1,0)),"",TEXT(DATE('03_Roster'!$D$5,'03_Roster'!$B$5,H$6),"DDD")) | I7: =IF(I$6>DAY(DATE('03_Roster'!$D$5,'03_Roster'!$B$5+1,0)),"",TEXT(DATE('03_Roster'!$D$5,'03_Roster'!$B$5,I$6),"DDD")) | J7: =IF(J$6>DAY(DATE('03_Roster'!$D$5,'03_Roster'!$B$5+1,0)),"",TEXT(DATE('03_Roster'!$D$5,'03_Roster'!$B$5,J$6),"DDD")) | K7: =IF(K$6>DAY(DATE('03_Roster'!$D$5,'03_Roster'!$B$5+1,0)),"",TEXT(DATE('03_Roster'!$D$5,'03_Roster'!$B$5,K$6),"DDD")) | L7: =IF(L$6>DAY(DATE('03_Roster'!$D$5,'03_Roster'!$B$5+1,0)),"",TEXT(DATE('03_Roster'!$D$5,'03_Roster'!$B$5,L$6),"DDD")) | ... AI7: =IF(AI$6>DAY(DATE('03_Roster'!$D$5,'03_Roster'!$B$5+1,0)),"",TEXT(DATE('03_Roster'!$D$5,'03_Roster'!$B$5,AI$6),"DDD"))
A8: ='02_Employee_Master'!A6 | B8: ='02_Employee_Master'!B6 | C8: ='02_Employee_Master'!D6 | D8: ='02_Employee_Master'!C6 | E8: P | F8: P | G8: P | H8: P | I8: P | J8: SL | K8: WO | L8: P | M8: P | N8: P | O8: P | P8: P | Q8: P | R8: WO | S8: P | T8: P | U8: P | V8: P | W8: P | X8: P | Y8: WO | Z8: P | AA8: P | AB8: P | AC8: P | AD8: P | AE8: P | AF8: WO | AG8: A | AH8: P | AJ8: =COUNTIF(E8:AI8,"P")+COUNTIF(E8:AI8,"L")+COUNTIF(E8:AI8,"WFO")+COUNTIF(E8:AI8,"OT") | AK8: =COUNTIF(E8:AI8,"A") | AL8: =COUNTIF(E8:AI8,"L") | AM8: =COUNTIF(E8:AI8,"HD") | AN8: =COUNTIF(E8:AI8,"PL")+COUNTIF(E8:AI8,"UL")+COUNTIF(E8:AI8,"VL")+COUNTIF(E8:AI8,"SL") | AO8: =COUNTIF(E8:AI8,"WO")+COUNTIF(E8:AI8,"H") | AP8: ='03_Roster'!AK8 | AQ8: =IFERROR((AJ8+AM8*0.5)/(COUNTA(E8:AI8)-AO8),"")
A9: ='02_Employee_Master'!A7 | B9: ='02_Employee_Master'!B7 | C9: ='02_Employee_Master'!D7 | D9: ='02_Employee_Master'!C7 | E9: P | F9: WO | G9: P | H9: HD | I9: P | J9: P | K9: P | L9: P | M9: WO | N9: P | O9: P | P9: P | Q9: P | R9: P | S9: P | T9: WO | U9: P | V9: P | W9: P | X9: P | Y9: P | Z9: P | AA9: WO | AB9: P | AC9: P | AD9: P | AE9: P | AF9: P | AG9: P | AH9: WO | AJ9: =COUNTIF(E9:AI9,"P")+COUNTIF(E9:AI9,"L")+COUNTIF(E9:AI9,"WFO")+COUNTIF(E9:AI9,"OT") | AK9: =COUNTIF(E9:AI9,"A") | AL9: =COUNTIF(E9:AI9,"L") | AM9: =COUNTIF(E9:AI9,"HD") | AN9: =COUNTIF(E9:AI9,"PL")+COUNTIF(E9:AI9,"UL")+COUNTIF(E9:AI9,"VL")+COUNTIF(E9:AI9,"SL") | AO9: =COUNTIF(E9:AI9,"WO")+COUNTIF(E9:AI9,"H") | AP9: ='03_Roster'!AK9 | AQ9: =IFERROR((AJ9+AM9*0.5)/(COUNTA(E9:AI9)-AO9),"")
A10: ='02_Employee_Master'!A8 | B10: ='02_Employee_Master'!B8 | C10: ='02_Employee_Master'!D8 | D10: ='02_Employee_Master'!C8 | E10: P | F10: P | G10: P | H10: WO | I10: P | J10: P | K10: P | L10: P | M10: P | N10: P | O10: WO | P10: P | Q10: P | R10: P | S10: P | T10: P | U10: P | V10: WO | W10: P | X10: P | Y10: P | Z10: P | AA10: P | AB10: P | AC10: WO | AD10: P | AE10: P | AF10: P | AG10: P | AH10: P | AJ10: =COUNTIF(E10:AI10,"P")+COUNTIF(E10:AI10,"L")+COUNTIF(E10:AI10,"WFO")+COUNTIF(E10:AI10,"OT") | AK10: =COUNTIF(E10:AI10,"A") | AL10: =COUNTIF(E10:AI10,"L") | AM10: =COUNTIF(E10:AI10,"HD") | AN10: =COUNTIF(E10:AI10,"PL")+COUNTIF(E10:AI10,"UL")+COUNTIF(E10:AI10,"VL")+COUNTIF(E10:AI10,"SL") | AO10: =COUNTIF(E10:AI10,"WO")+COUNTIF(E10:AI10,"H") | AP10: ='03_Roster'!AK10 | AQ10: =IFERROR((AJ10+AM10*0.5)/(COUNTA(E10:AI10)-AO10),"")
A11: ='02_Employee_Master'!A9 | B11: ='02_Employee_Master'!B9 | C11: ='02_Employee_Master'!D9 | D11: ='02_Employee_Master'!C9 | E11: P | F11: P | G11: P | H11: P | I11: P | J11: WO | K11: P | L11: P | M11: P | N11: P | O11: P | P11: P | Q11: WO | R11: P | S11: P | T11: P | U11: P | V11: P | W11: P | X11: WO | Y11: P | Z11: P | AA11: P | AB11: P | AC11: P | AD11: P | AE11: WO | AF11: P | AG11: P | AH11: P | AJ11: =COUNTIF(E11:AI11,"P")+COUNTIF(E11:AI11,"L")+COUNTIF(E11:AI11,"WFO")+COUNTIF(E11:AI11,"OT") | AK11: =COUNTIF(E11:AI11,"A") | AL11: =COUNTIF(E11:AI11,"L") | AM11: =COUNTIF(E11:AI11,"HD") | AN11: =COUNTIF(E11:AI11,"PL")+COUNTIF(E11:AI11,"UL")+COUNTIF(E11:AI11,"VL")+COUNTIF(E11:AI11,"SL") | AO11: =COUNTIF(E11:AI11,"WO")+COUNTIF(E11:AI11,"H") | AP11: ='03_Roster'!AK11 | AQ11: =IFERROR((AJ11+AM11*0.5)/(COUNTA(E11:AI11)-AO11),"")
A12: ='02_Employee_Master'!A10 | B12: ='02_Employee_Master'!B10 | C12: ='02_Employee_Master'!D10 | D12: ='02_Employee_Master'!C10 | E12: WO | F12: P | G12: P | H12: P | I12: P | J12: P | K12: P | L12: WO | M12: P | N12: P | O12: P | P12: P | Q12: P | R12: P | S12: WO | T12: P | U12: P | V12: P | W12: P | X12: P | Y12: P | Z12: WO | AA12: P | AB12: P | AC12: P | AD12: P | AE12: L | AF12: P | AG12: WO | AH12: P | AJ12: =COUNTIF(E12:AI12,"P")+COUNTIF(E12:AI12,"L")+COUNTIF(E12:AI12,"WFO")+COUNTIF(E12:AI12,"OT") | AK12: =COUNTIF(E12:AI12,"A") | AL12: =COUNTIF(E12:AI12,"L") | AM12: =COUNTIF(E12:AI12,"HD") | AN12: =COUNTIF(E12:AI12,"PL")+COUNTIF(E12:AI12,"UL")+COUNTIF(E12:AI12,"VL")+COUNTIF(E12:AI12,"SL") | AO12: =COUNTIF(E12:AI12,"WO")+COUNTIF(E12:AI12,"H") | AP12: ='03_Roster'!AK12 | AQ12: =IFERROR((AJ12+AM12*0.5)/(COUNTA(E12:AI12)-AO12),"")
A13: ='02_Employee_Master'!A11 | B13: ='02_Employee_Master'!B11 | C13: ='02_Employee_Master'!D11 | D13: ='02_Employee_Master'!C11 | E13: P | F13: P | G13: WO | H13: P | I13: P | J13: P | K13: P | L13: P | M13: P | N13: WO | O13: P | P13: P | Q13: P | R13: P | S13: P | T13: P | U13: WO | V13: P | W13: P | X13: P | Y13: P | Z13: P | AA13: P | AB13: WO | AC13: P | AD13: P | AE13: P | AF13: P | AG13: P | AH13: P | AJ13: =COUNTIF(E13:AI13,"P")+COUNTIF(E13:AI13,"L")+COUNTIF(E13:AI13,"WFO")+COUNTIF(E13:AI13,"OT") | AK13: =COUNTIF(E13:AI13,"A") | AL13: =COUNTIF(E13:AI13,"L") | AM13: =COUNTIF(E13:AI13,"HD") | AN13: =COUNTIF(E13:AI13,"PL")+COUNTIF(E13:AI13,"UL")+COUNTIF(E13:AI13,"VL")+COUNTIF(E13:AI13,"SL") | AO13: =COUNTIF(E13:AI13,"WO")+COUNTIF(E13:AI13,"H") | AP13: ='03_Roster'!AK13 | AQ13: =IFERROR((AJ13+AM13*0.5)/(COUNTA(E13:AI13)-AO13),"")
A14: ='02_Employee_Master'!A12 | B14: ='02_Employee_Master'!B12 | C14: ='02_Employee_Master'!D12 | D14: ='02_Employee_Master'!C12 | E14: P | F14: P | G14: P | H14: P | I14: WO | J14: P | K14: P | L14: P | M14: P | N14: P | O14: P | P14: WO | Q14: P | R14: P | S14: P | T14: P | U14: P | V14: P | W14: WO | X14: P | Y14: P | Z14: P | AA14: P | AB14: P | AC14: P | AD14: WO | AE14: P | AF14: P | AG14: P | AH14: P | AJ14: =COUNTIF(E14:AI14,"P")+COUNTIF(E14:AI14,"L")+COUNTIF(E14:AI14,"WFO")+COUNTIF(E14:AI14,"OT") | AK14: =COUNTIF(E14:AI14,"A") | AL14: =COUNTIF(E14:AI14,"L") | AM14: =COUNTIF(E14:AI14,"HD") | AN14: =COUNTIF(E14:AI14,"PL")+COUNTIF(E14:AI14,"UL")+COUNTIF(E14:AI14,"VL")+COUNTIF(E14:AI14,"SL") | AO14: =COUNTIF(E14:AI14,"WO")+COUNTIF(E14:AI14,"H") | AP14: ='03_Roster'!AK14 | AQ14: =IFERROR((AJ14+AM14*0.5)/(COUNTA(E14:AI14)-AO14),"")
A15: ='02_Employee_Master'!A13 | B15: ='02_Employee_Master'!B13 | C15: ='02_Employee_Master'!D13 | D15: ='02_Employee_Master'!C13 | E15: P | F15: P | G15: P | H15: P | I15: P | J15: P | K15: WO | L15: P | M15: P | N15: P | O15: P | P15: P | Q15: P | R15: WO | S15: P | T15: P | U15: P | V15: P | W15: P | X15: P | Y15: WO | Z15: P | AA15: P | AB15: P | AC15: P | AD15: P | AE15: P | AF15: WO | AG15: P | AH15: P | AJ15: =COUNTIF(E15:AI15,"P")+COUNTIF(E15:AI15,"L")+COUNTIF(E15:AI15,"WFO")+COUNTIF(E15:AI15,"OT") | AK15: =COUNTIF(E15:AI15,"A") | AL15: =COUNTIF(E15:AI15,"L") | AM15: =COUNTIF(E15:AI15,"HD") | AN15: =COUNTIF(E15:AI15,"PL")+COUNTIF(E15:AI15,"UL")+COUNTIF(E15:AI15,"VL")+COUNTIF(E15:AI15,"SL") | AO15: =COUNTIF(E15:AI15,"WO")+COUNTIF(E15:AI15,"H") | AP15: ='03_Roster'!AK15 | AQ15: =IFERROR((AJ15+AM15*0.5)/(COUNTA(E15:AI15)-AO15),"")
A16: ='02_Employee_Master'!A14 | B16: ='02_Employee_Master'!B14 | C16: ='02_Employee_Master'!D14 | D16: ='02_Employee_Master'!C14 | E16: P | F16: WO | G16: P | H16: P | I16: P | J16: P | K16: P | L16: P | M16: WO | N16: P | O16: P | P16: P | Q16: P | R16: L | S16: P | T16: WO | U16: P | V16: P | W16: P | X16: P | Y16: P | Z16: P | AA16: WO | AB16: P | AC16: P | AD16: P | AE16: P | AF16: P | AG16: P | AH16: WO | AJ16: =COUNTIF(E16:AI16,"P")+COUNTIF(E16:AI16,"L")+COUNTIF(E16:AI16,"WFO")+COUNTIF(E16:AI16,"OT") | AK16: =COUNTIF(E16:AI16,"A") | AL16: =COUNTIF(E16:AI16,"L") | AM16: =COUNTIF(E16:AI16,"HD") | AN16: =COUNTIF(E16:AI16,"PL")+COUNTIF(E16:AI16,"UL")+COUNTIF(E16:AI16,"VL")+COUNTIF(E16:AI16,"SL") | AO16: =COUNTIF(E16:AI16,"WO")+COUNTIF(E16:AI16,"H") | AP16: ='03_Roster'!AK16 | AQ16: =IFERROR((AJ16+AM16*0.5)/(COUNTA(E16:AI16)-AO16),"")
A17: ='02_Employee_Master'!A15 | B17: ='02_Employee_Master'!B15 | C17: ='02_Employee_Master'!D15 | D17: ='02_Employee_Master'!C15 | E17: P | F17: P | G17: P | H17: WO | I17: P | J17: P | K17: P | L17: P | M17: P | N17: P | O17: WO | P17: P | Q17: P | R17: P | S17: P | T17: P | U17: P | V17: WO | W17: P | X17: P | Y17: P | Z17: P | AA17: P | AB17: P | AC17: WO | AD17: P | AE17: P | AF17: P | AG17: P | AH17: P | AJ17: =COUNTIF(E17:AI17,"P")+COUNTIF(E17:AI17,"L")+COUNTIF(E17:AI17,"WFO")+COUNTIF(E17:AI17,"OT") | AK17: =COUNTIF(E17:AI17,"A") | AL17: =COUNTIF(E17:AI17,"L") | AM17: =COUNTIF(E17:AI17,"HD") | AN17: =COUNTIF(E17:AI17,"PL")+COUNTIF(E17:AI17,"UL")+COUNTIF(E17:AI17,"VL")+COUNTIF(E17:AI17,"SL") | AO17: =COUNTIF(E17:AI17,"WO")+COUNTIF(E17:AI17,"H") | AP17: ='03_Roster'!AK17 | AQ17: =IFERROR((AJ17+AM17*0.5)/(COUNTA(E17:AI17)-AO17),"")
A18: ='02_Employee_Master'!A16 | B18: ='02_Employee_Master'!B16 | C18: ='02_Employee_Master'!D16 | D18: ='02_Employee_Master'!C16 | E18: P | F18: P | G18: P | H18: P | I18: P | J18: WO | K18: P | L18: P | M18: P | N18: P | O18: P | P18: P | Q18: WO | R18: P | S18: P | T18: P | U18: P | V18: P | W18: P | X18: WO | Y18: P | Z18: P | AA18: P | AB18: P | AC18: P | AD18: P | AE18: WO | AF18: P | AG18: P | AH18: P | AJ18: =COUNTIF(E18:AI18,"P")+COUNTIF(E18:AI18,"L")+COUNTIF(E18:AI18,"WFO")+COUNTIF(E18:AI18,"OT") | AK18: =COUNTIF(E18:AI18,"A") | AL18: =COUNTIF(E18:AI18,"L") | AM18: =COUNTIF(E18:AI18,"HD") | AN18: =COUNTIF(E18:AI18,"PL")+COUNTIF(E18:AI18,"UL")+COUNTIF(E18:AI18,"VL")+COUNTIF(E18:AI18,"SL") | AO18: =COUNTIF(E18:AI18,"WO")+COUNTIF(E18:AI18,"H") | AP18: ='03_Roster'!AK18 | AQ18: =IFERROR((AJ18+AM18*0.5)/(COUNTA(E18:AI18)-AO18),"")
A19: ='02_Employee_Master'!A17 | B19: ='02_Employee_Master'!B17 | C19: ='02_Employee_Master'!D17 | D19: ='02_Employee_Master'!C17 | E19: WO | F19: P | G19: P | H19: P | I19: P | J19: P | K19: P | L19: WO | M19: P | N19: P | O19: P | P19: P | Q19: P | R19: P | S19: WO | T19: P | U19: P | V19: P | W19: P | X19: HD | Y19: P | Z19: WO | AA19: P | AB19: P | AC19: P | AD19: P | AE19: P | AF19: P | AG19: WO | AH19: P | AJ19: =COUNTIF(E19:AI19,"P")+COUNTIF(E19:AI19,"L")+COUNTIF(E19:AI19,"WFO")+COUNTIF(E19:AI19,"OT") | AK19: =COUNTIF(E19:AI19,"A") | AL19: =COUNTIF(E19:AI19,"L") | AM19: =COUNTIF(E19:AI19,"HD") | AN19: =COUNTIF(E19:AI19,"PL")+COUNTIF(E19:AI19,"UL")+COUNTIF(E19:AI19,"VL")+COUNTIF(E19:AI19,"SL") | AO19: =COUNTIF(E19:AI19,"WO")+COUNTIF(E19:AI19,"H") | AP19: ='03_Roster'!AK19 | AQ19: =IFERROR((AJ19+AM19*0.5)/(COUNTA(E19:AI19)-AO19),"")
... A26: ='02_Employee_Master'!A24 | B26: ='02_Employee_Master'!B24 | C26: ='02_Employee_Master'!D24 | D26: ='02_Employee_Master'!C24 | E26: WO | F26: P | G26: P | H26: P | I26: P | J26: P | K26: P | L26: WO | M26: P | N26: P | O26: P | P26: P | Q26: P | R26: P | S26: WO | T26: P | U26: P | V26: P | W26: P | X26: P | Y26: P | Z26: WO | AA26: P | AB26: P | AC26: P | AD26: P | AE26: P | AF26: P | AG26: WO | AH26: L | AJ26: =COUNTIF(E26:AI26,"P")+COUNTIF(E26:AI26,"L")+COUNTIF(E26:AI26,"WFO")+COUNTIF(E26:AI26,"OT") | AK26: =COUNTIF(E26:AI26,"A") | AL26: =COUNTIF(E26:AI26,"L") | AM26: =COUNTIF(E26:AI26,"HD") | AN26: =COUNTIF(E26:AI26,"PL")+COUNTIF(E26:AI26,"UL")+COUNTIF(E26:AI26,"VL")+COUNTIF(E26:AI26,"SL") | AO26: =COUNTIF(E26:AI26,"WO")+COUNTIF(E26:AI26,"H") | AP26: ='03_Roster'!AK26 | AQ26: =IFERROR((AJ26+AM26*0.5)/(COUNTA(E26:AI26)-AO26),"")
A27: ='02_Employee_Master'!A25 | B27: ='02_Employee_Master'!B25 | C27: ='02_Employee_Master'!D25 | D27: ='02_Employee_Master'!C25 | AJ27: =COUNTIF(E27:AI27,"P")+COUNTIF(E27:AI27,"L")+COUNTIF(E27:AI27,"WFO")+COUNTIF(E27:AI27,"OT") | AK27: =COUNTIF(E27:AI27,"A") | AL27: =COUNTIF(E27:AI27,"L") | AM27: =COUNTIF(E27:AI27,"HD") | AN27: =COUNTIF(E27:AI27,"PL")+COUNTIF(E27:AI27,"UL")+COUNTIF(E27:AI27,"VL")+COUNTIF(E27:AI27,"SL") | AO27: =COUNTIF(E27:AI27,"WO")+COUNTIF(E27:AI27,"H") | AP27: ='03_Roster'!AK27 | AQ27: =IFERROR((AJ27+AM27*0.5)/(COUNTA(E27:AI27)-AO27),"")
A28: Present headcount (P+L+WFO+OT) | E28: =IF(E$6>DAY(DATE('03_Roster'!$D$5,'03_Roster'!$B$5+1,0)),"",COUNTIF(E8:E27,"P")+COUNTIF(E8:E27,"L")+COUNTIF(E8:E27,"WFO")+COUNTIF(E8:E27,"OT")) | F28: =IF(F$6>DAY(DATE('03_Roster'!$D$5,'03_Roster'!$B$5+1,0)),"",COUNTIF(F8:F27,"P")+COUNTIF(F8:F27,"L")+COUNTIF(F8:F27,"WFO")+COUNTIF(F8:F27,"OT")) | G28: =IF(G$6>DAY(DATE('03_Roster'!$D$5,'03_Roster'!$B$5+1,0)),"",COUNTIF(G8:G27,"P")+COUNTIF(G8:G27,"L")+COUNTIF(G8:G27,"WFO")+COUNTIF(G8:G27,"OT")) | H28: =IF(H$6>DAY(DATE('03_Roster'!$D$5,'03_Roster'!$B$5+1,0)),"",COUNTIF(H8:H27,"P")+COUNTIF(H8:H27,"L")+COUNTIF(H8:H27,"WFO")+COUNTIF(H8:H27,"OT")) | I28: =IF(I$6>DAY(DATE('03_Roster'!$D$5,'03_Roster'!$B$5+1,0)),"",COUNTIF(I8:I27,"P")+COUNTIF(I8:I27,"L")+COUNTIF(I8:I27,"WFO")+COUNTIF(I8:I27,"OT")) | J28: =IF(J$6>DAY(DATE('03_Roster'!$D$5,'03_Roster'!$B$5+1,0)),"",COUNTIF(J8:J27,"P")+COUNTIF(J8:J27,"L")+COUNTIF(J8:J27,"WFO")+COUNTIF(J8:J27,"OT")) | K28: =IF(K$6>DAY(DATE('03_Roster'!$D$5,'03_Roster'!$B$5+1,0)),"",COUNTIF(K8:K27,"P")+COUNTIF(K8:K27,"L")+COUNTIF(K8:K27,"WFO")+COUNTIF(K8:K27,"OT")) | L28: =IF(L$6>DAY(DATE('03_Roster'!$D$5,'03_Roster'!$B$5+1,0)),"",COUNTIF(L8:L27,"P")+COUNTIF(L8:L27,"L")+COUNTIF(L8:L27,"WFO")+COUNTIF(L8:L27,"OT")) | ... AI28: =IF(AI$6>DAY(DATE('03_Roster'!$D$5,'03_Roster'!$B$5+1,0)),"",COUNTIF(AI8:AI27,"P")+COUNTIF(AI8:AI27,"L")+COUNTIF(AI8:AI27,"WFO")+COUNTIF(AI8:AI27,"OT"))

Sheet 05_Leave
A1: PATHCARE DIAGNOSTICS · Pathology Laboratory
A2: LEAVE MANAGEMENT
A3: Applications · Balances · Approvals · Entitlements from Config leave policy
A5: LEAVE BALANCE SUMMARY (auto from policy + applications)
A6: Emp ID | B6: Employee Name | C6: Department | D6: PL Entitled | E6: PL Used | F6: PL Balance | G6: UL Entitled | H6: UL Used | I6: UL Balance | J6: SL Entitled | K6: SL Used | L6: SL Balance | M6: VL Entitled | N6: VL Used | O6: VL Balance
A7: ='02_Employee_Master'!A6 | B7: ='02_Employee_Master'!B6 | C7: ='02_Employee_Master'!D6 | D7: ='01_Config'!G29 | E7: =SUMIFS($E$30:$E$79,$A$30:$A$79,A7,$D$30:$D$79,"Planned Leave",$H$30:$H$79,"Approved") | F7: =D7-E7 | G7: ='01_Config'!G30 | H7: =SUMIFS($E$30:$E$79,$A$30:$A$79,A7,$D$30:$D$79,"Unplanned Leave",$H$30:$H$79,"Approved") | I7: =G7-H7 | J7: ='01_Config'!G31 | K7: =SUMIFS($E$30:$E$79,$A$30:$A$79,A7,$D$30:$D$79,"Sick Leave",$H$30:$H$79,"Approved") | L7: =J7-K7 | M7: ='01_Config'!G32 | N7: =SUMIFS($E$30:$E$79,$A$30:$A$79,A7,$D$30:$D$79,"Vacation Leave",$H$30:$H$79,"Approved") | O7: =M7-N7
A8: ='02_Employee_Master'!A7 | B8: ='02_Employee_Master'!B7 | C8: ='02_Employee_Master'!D7 | D8: ='01_Config'!G29 | E8: =SUMIFS($E$30:$E$79,$A$30:$A$79,A8,$D$30:$D$79,"Planned Leave",$H$30:$H$79,"Approved") | F8: =D8-E8 | G8: ='01_Config'!G30 | H8: =SUMIFS($E$30:$E$79,$A$30:$A$79,A8,$D$30:$D$79,"Unplanned Leave",$H$30:$H$79,"Approved") | I8: =G8-H8 | J8: ='01_Config'!G31 | K8: =SUMIFS($E$30:$E$79,$A$30:$A$79,A8,$D$30:$D$79,"Sick Leave",$H$30:$H$79,"Approved") | L8: =J8-K8 | M8: ='01_Config'!G32 | N8: =SUMIFS($E$30:$E$79,$A$30:$A$79,A8,$D$30:$D$79,"Vacation Leave",$H$30:$H$79,"Approved") | O8: =M8-N8
A9: ='02_Employee_Master'!A8 | B9: ='02_Employee_Master'!B8 | C9: ='02_Employee_Master'!D8 | D9: ='01_Config'!G29 | E9: =SUMIFS($E$30:$E$79,$A$30:$A$79,A9,$D$30:$D$79,"Planned Leave",$H$30:$H$79,"Approved") | F9: =D9-E9 | G9: ='01_Config'!G30 | H9: =SUMIFS($E$30:$E$79,$A$30:$A$79,A9,$D$30:$D$79,"Unplanned Leave",$H$30:$H$79,"Approved") | I9: =G9-H9 | J9: ='01_Config'!G31 | K9: =SUMIFS($E$30:$E$79,$A$30:$A$79,A9,$D$30:$D$79,"Sick Leave",$H$30:$H$79,"Approved") | L9: =J9-K9 | M9: ='01_Config'!G32 | N9: =SUMIFS($E$30:$E$79,$A$30:$A$79,A9,$D$30:$D$79,"Vacation Leave",$H$30:$H$79,"Approved") | O9: =M9-N9
A10: ='02_Employee_Master'!A9 | B10: ='02_Employee_Master'!B9 | C10: ='02_Employee_Master'!D9 | D10: ='01_Config'!G29 | E10: =SUMIFS($E$30:$E$79,$A$30:$A$79,A10,$D$30:$D$79,"Planned Leave",$H$30:$H$79,"Approved") | F10: =D10-E10 | G10: ='01_Config'!G30 | H10: =SUMIFS($E$30:$E$79,$A$30:$A$79,A10,$D$30:$D$79,"Unplanned Leave",$H$30:$H$79,"Approved") | I10: =G10-H10 | J10: ='01_Config'!G31 | K10: =SUMIFS($E$30:$E$79,$A$30:$A$79,A10,$D$30:$D$79,"Sick Leave",$H$30:$H$79,"Approved") | L10: =J10-K10 | M10: ='01_Config'!G32 | N10: =SUMIFS($E$30:$E$79,$A$30:$A$79,A10,$D$30:$D$79,"Vacation Leave",$H$30:$H$79,"Approved") | O10: =M10-N10
A11: ='02_Employee_Master'!A10 | B11: ='02_Employee_Master'!B10 | C11: ='02_Employee_Master'!D10 | D11: ='01_Config'!G29 | E11: =SUMIFS($E$30:$E$79,$A$30:$A$79,A11,$D$30:$D$79,"Planned Leave",$H$30:$H$79,"Approved") | F11: =D11-E11 | G11: ='01_Config'!G30 | H11: =SUMIFS($E$30:$E$79,$A$30:$A$79,A11,$D$30:$D$79,"Unplanned Leave",$H$30:$H$79,"Approved") | I11: =G11-H11 | J11: ='01_Config'!G31 | K11: =SUMIFS($E$30:$E$79,$A$30:$A$79,A11,$D$30:$D$79,"Sick Leave",$H$30:$H$79,"Approved") | L11: =J11-K11 | M11: ='01_Config'!G32 | N11: =SUMIFS($E$30:$E$79,$A$30:$A$79,A11,$D$30:$D$79,"Vacation Leave",$H$30:$H$79,"Approved") | O11: =M11-N11
A12: ='02_Employee_Master'!A11 | B12: ='02_Employee_Master'!B11 | C12: ='02_Employee_Master'!D11 | D12: ='01_Config'!G29 | E12: =SUMIFS($E$30:$E$79,$A$30:$A$79,A12,$D$30:$D$79,"Planned Leave",$H$30:$H$79,"Approved") | F12: =D12-E12 | G12: ='01_Config'!G30 | H12: =SUMIFS($E$30:$E$79,$A$30:$A$79,A12,$D$30:$D$79,"Unplanned Leave",$H$30:$H$79,"Approved") | I12: =G12-H12 | J12: ='01_Config'!G31 | K12: =SUMIFS($E$30:$E$79,$A$30:$A$79,A12,$D$30:$D$79,"Sick Leave",$H$30:$H$79,"Approved") | L12: =J12-K12 | M12: ='01_Config'!G32 | N12: =SUMIFS($E$30:$E$79,$A$30:$A$79,A12,$D$30:$D$79,"Vacation Leave",$H$30:$H$79,"Approved") | O12: =M12-N12
A13: ='02_Employee_Master'!A12 | B13: ='02_Employee_Master'!B12 | C13: ='02_Employee_Master'!D12 | D13: ='01_Config'!G29 | E13: =SUMIFS($E$30:$E$79,$A$30:$A$79,A13,$D$30:$D$79,"Planned Leave",$H$30:$H$79,"Approved") | F13: =D13-E13 | G13: ='01_Config'!G30 | H13: =SUMIFS($E$30:$E$79,$A$30:$A$79,A13,$D$30:$D$79,"Unplanned Leave",$H$30:$H$79,"Approved") | I13: =G13-H13 | J13: ='01_Config'!G31 | K13: =SUMIFS($E$30:$E$79,$A$30:$A$79,A13,$D$30:$D$79,"Sick Leave",$H$30:$H$79,"Approved") | L13: =J13-K13 | M13: ='01_Config'!G32 | N13: =SUMIFS($E$30:$E$79,$A$30:$A$79,A13,$D$30:$D$79,"Vacation Leave",$H$30:$H$79,"Approved") | O13: =M13-N13
A14: ='02_Employee_Master'!A13 | B14: ='02_Employee_Master'!B13 | C14: ='02_Employee_Master'!D13 | D14: ='01_Config'!G29 | E14: =SUMIFS($E$30:$E$79,$A$30:$A$79,A14,$D$30:$D$79,"Planned Leave",$H$30:$H$79,"Approved") | F14: =D14-E14 | G14: ='01_Config'!G30 | H14: =SUMIFS($E$30:$E$79,$A$30:$A$79,A14,$D$30:$D$79,"Unplanned Leave",$H$30:$H$79,"Approved") | I14: =G14-H14 | J14: ='01_Config'!G31 | K14: =SUMIFS($E$30:$E$79,$A$30:$A$79,A14,$D$30:$D$79,"Sick Leave",$H$30:$H$79,"Approved") | L14: =J14-K14 | M14: ='01_Config'!G32 | N14: =SUMIFS($E$30:$E$79,$A$30:$A$79,A14,$D$30:$D$79,"Vacation Leave",$H$30:$H$79,"Approved") | O14: =M14-N14
A15: ='02_Employee_Master'!A14 | B15: ='02_Employee_Master'!B14 | C15: ='02_Employee_Master'!D14 | D15: ='01_Config'!G29 | E15: =SUMIFS($E$30:$E$79,$A$30:$A$79,A15,$D$30:$D$79,"Planned Leave",$H$30:$H$79,"Approved") | F15: =D15-E15 | G15: ='01_Config'!G30 | H15: =SUMIFS($E$30:$E$79,$A$30:$A$79,A15,$D$30:$D$79,"Unplanned Leave",$H$30:$H$79,"Approved") | I15: =G15-H15 | J15: ='01_Config'!G31 | K15: =SUMIFS($E$30:$E$79,$A$30:$A$79,A15,$D$30:$D$79,"Sick Leave",$H$30:$H$79,"Approved") | L15: =J15-K15 | M15: ='01_Config'!G32 | N15: =SUMIFS($E$30:$E$79,$A$30:$A$79,A15,$D$30:$D$79,"Vacation Leave",$H$30:$H$79,"Approved") | O15: =M15-N15
A16: ='02_Employee_Master'!A15 | B16: ='02_Employee_Master'!B15 | C16: ='02_Employee_Master'!D15 | D16: ='01_Config'!G29 | E16: =SUMIFS($E$30:$E$79,$A$30:$A$79,A16,$D$30:$D$79,"Planned Leave",$H$30:$H$79,"Approved") | F16: =D16-E16 | G16: ='01_Config'!G30 | H16: =SUMIFS($E$30:$E$79,$A$30:$A$79,A16,$D$30:$D$79,"Unplanned Leave",$H$30:$H$79,"Approved") | I16: =G16-H16 | J16: ='01_Config'!G31 | K16: =SUMIFS($E$30:$E$79,$A$30:$A$79,A16,$D$30:$D$79,"Sick Leave",$H$30:$H$79,"Approved") | L16: =J16-K16 | M16: ='01_Config'!G32 | N16: =SUMIFS($E$30:$E$79,$A$30:$A$79,A16,$D$30:$D$79,"Vacation Leave",$H$30:$H$79,"Approved") | O16: =M16-N16
A17: ='02_Employee_Master'!A16 | B17: ='02_Employee_Master'!B16 | C17: ='02_Employee_Master'!D16 | D17: ='01_Config'!G29 | E17: =SUMIFS($E$30:$E$79,$A$30:$A$79,A17,$D$30:$D$79,"Planned Leave",$H$30:$H$79,"Approved") | F17: =D17-E17 | G17: ='01_Config'!G30 | H17: =SUMIFS($E$30:$E$79,$A$30:$A$79,A17,$D$30:$D$79,"Unplanned Leave",$H$30:$H$79,"Approved") | I17: =G17-H17 | J17: ='01_Config'!G31 | K17: =SUMIFS($E$30:$E$79,$A$30:$A$79,A17,$D$30:$D$79,"Sick Leave",$H$30:$H$79,"Approved") | L17: =J17-K17 | M17: ='01_Config'!G32 | N17: =SUMIFS($E$30:$E$79,$A$30:$A$79,A17,$D$30:$D$79,"Vacation Leave",$H$30:$H$79,"Approved") | O17: =M17-N17
A18: ='02_Employee_Master'!A17 | B18: ='02_Employee_Master'!B17 | C18: ='02_Employee_Master'!D17 | D18: ='01_Config'!G29 | E18: =SUMIFS($E$30:$E$79,$A$30:$A$79,A18,$D$30:$D$79,"Planned Leave",$H$30:$H$79,"Approved") | F18: =D18-E18 | G18: ='01_Config'!G30 | H18: =SUMIFS($E$30:$E$79,$A$30:$A$79,A18,$D$30:$D$79,"Unplanned Leave",$H$30:$H$79,"Approved") | I18: =G18-H18 | J18: ='01_Config'!G31 | K18: =SUMIFS($E$30:$E$79,$A$30:$A$79,A18,$D$30:$D$79,"Sick Leave",$H$30:$H$79,"Approved") | L18: =J18-K18 | M18: ='01_Config'!G32 | N18: =SUMIFS($E$30:$E$79,$A$30:$A$79,A18,$D$30:$D$79,"Vacation Leave",$H$30:$H$79,"Approved") | O18: =M18-N18
A19: ='02_Employee_Master'!A18 | B19: ='02_Employee_Master'!B18 | C19: ='02_Employee_Master'!D18 | D19: ='01_Config'!G29 | E19: =SUMIFS($E$30:$E$79,$A$30:$A$79,A19,$D$30:$D$79,"Planned Leave",$H$30:$H$79,"Approved") | F19: =D19-E19 | G19: ='01_Config'!G30 | H19: =SUMIFS($E$30:$E$79,$A$30:$A$79,A19,$D$30:$D$79,"Unplanned Leave",$H$30:$H$79,"Approved") | I19: =G19-H19 | J19: ='01_Config'!G31 | K19: =SUMIFS($E$30:$E$79,$A$30:$A$79,A19,$D$30:$D$79,"Sick Leave",$H$30:$H$79,"Approved") | L19: =J19-K19 | M19: ='01_Config'!G32 | N19: =SUMIFS($E$30:$E$79,$A$30:$A$79,A19,$D$30:$D$79,"Vacation Leave",$H$30:$H$79,"Approved") | O19: =M19-N19
A20: ='02_Employee_Master'!A19 | B20: ='02_Employee_Master'!B19 | C20: ='02_Employee_Master'!D19 | D20: ='01_Config'!G29 | E20: =SUMIFS($E$30:$E$79,$A$30:$A$79,A20,$D$30:$D$79,"Planned Leave",$H$30:$H$79,"Approved") | F20: =D20-E20 | G20: ='01_Config'!G30 | H20: =SUMIFS($E$30:$E$79,$A$30:$A$79,A20,$D$30:$D$79,"Unplanned Leave",$H$30:$H$79,"Approved") | I20: =G20-H20 | J20: ='01_Config'!G31 | K20: =SUMIFS($E$30:$E$79,$A$30:$A$79,A20,$D$30:$D$79,"Sick Leave",$H$30:$H$79,"Approved") | L20: =J20-K20 | M20: ='01_Config'!G32 | N20: =SUMIFS($E$30:$E$79,$A$30:$A$79,A20,$D$30:$D$79,"Vacation Leave",$H$30:$H$79,"Approved") | O20: =M20-N20
A21: ='02_Employee_Master'!A20 | B21: ='02_Employee_Master'!B20 | C21: ='02_Employee_Master'!D20 | D21: ='01_Config'!G29 | E21: =SUMIFS($E$30:$E$79,$A$30:$A$79,A21,$D$30:$D$79,"Planned Leave",$H$30:$H$79,"Approved") | F21: =D21-E21 | G21: ='01_Config'!G30 | H21: =SUMIFS($E$30:$E$79,$A$30:$A$79,A21,$D$30:$D$79,"Unplanned Leave",$H$30:$H$79,"Approved") | I21: =G21-H21 | J21: ='01_Config'!G31 | K21: =SUMIFS($E$30:$E$79,$A$30:$A$79,A21,$D$30:$D$79,"Sick Leave",$H$30:$H$79,"Approved") | L21: =J21-K21 | M21: ='01_Config'!G32 | N21: =SUMIFS($E$30:$E$79,$A$30:$A$79,A21,$D$30:$D$79,"Vacation Leave",$H$30:$H$79,"Approved") | O21: =M21-N21
A22: ='02_Employee_Master'!A21 | B22: ='02_Employee_Master'!B21 | C22: ='02_Employee_Master'!D21 | D22: ='01_Config'!G29 | E22: =SUMIFS($E$30:$E$79,$A$30:$A$79,A22,$D$30:$D$79,"Planned Leave",$H$30:$H$79,"Approved") | F22: =D22-E22 | G22: ='01_Config'!G30 | H22: =SUMIFS($E$30:$E$79,$A$30:$A$79,A22,$D$30:$D$79,"Unplanned Leave",$H$30:$H$79,"Approved") | I22: =G22-H22 | J22: ='01_Config'!G31 | K22: =SUMIFS($E$30:$E$79,$A$30:$A$79,A22,$D$30:$D$79,"Sick Leave",$H$30:$H$79,"Approved") | L22: =J22-K22 | M22: ='01_Config'!G32 | N22: =SUMIFS($E$30:$E$79,$A$30:$A$79,A22,$D$30:$D$79,"Vacation Leave",$H$30:$H$79,"Approved") | O22: =M22-N22
A23: ='02_Employee_Master'!A22 | B23: ='02_Employee_Master'!B22 | C23: ='02_Employee_Master'!D22 | D23: ='01_Config'!G29 | E23: =SUMIFS($E$30:$E$79,$A$30:$A$79,A23,$D$30:$D$79,"Planned Leave",$H$30:$H$79,"Approved") | F23: =D23-E23 | G23: ='01_Config'!G30 | H23: =SUMIFS($E$30:$E$79,$A$30:$A$79,A23,$D$30:$D$79,"Unplanned Leave",$H$30:$H$79,"Approved") | I23: =G23-H23 | J23: ='01_Config'!G31 | K23: =SUMIFS($E$30:$E$79,$A$30:$A$79,A23,$D$30:$D$79,"Sick Leave",$H$30:$H$79,"Approved") | L23: =J23-K23 | M23: ='01_Config'!G32 | N23: =SUMIFS($E$30:$E$79,$A$30:$A$79,A23,$D$30:$D$79,"Vacation Leave",$H$30:$H$79,"Approved") | O23: =M23-N23
A24: ='02_Employee_Master'!A23 | B24: ='02_Employee_Master'!B23 | C24: ='02_Employee_Master'!D23 | D24: ='01_Config'!G29 | E24: =SUMIFS($E$30:$E$79,$A$30:$A$79,A24,$D$30:$D$79,"Planned Leave",$H$30:$H$79,"Approved") | F24: =D24-E24 | G24: ='01_Config'!G30 | H24: =SUMIFS($E$30:$E$79,$A$30:$A$79,A24,$D$30:$D$79,"Unplanned Leave",$H$30:$H$79,"Approved") | I24: =G24-H24 | J24: ='01_Config'!G31 | K24: =SUMIFS($E$30:$E$79,$A$30:$A$79,A24,$D$30:$D$79,"Sick Leave",$H$30:$H$79,"Approved") | L24: =J24-K24 | M24: ='01_Config'!G32 | N24: =SUMIFS($E$30:$E$79,$A$30:$A$79,A24,$D$30:$D$79,"Vacation Leave",$H$30:$H$79,"Approved") | O24: =M24-N24
A25: ='02_Employee_Master'!A24 | B25: ='02_Employee_Master'!B24 | C25: ='02_Employee_Master'!D24 | D25: ='01_Config'!G29 | E25: =SUMIFS($E$30:$E$79,$A$30:$A$79,A25,$D$30:$D$79,"Planned Leave",$H$30:$H$79,"Approved") | F25: =D25-E25 | G25: ='01_Config'!G30 | H25: =SUMIFS($E$30:$E$79,$A$30:$A$79,A25,$D$30:$D$79,"Unplanned Leave",$H$30:$H$79,"Approved") | I25: =G25-H25 | J25: ='01_Config'!G31 | K25: =SUMIFS($E$30:$E$79,$A$30:$A$79,A25,$D$30:$D$79,"Sick Leave",$H$30:$H$79,"Approved") | L25: =J25-K25 | M25: ='01_Config'!G32 | N25: =SUMIFS($E$30:$E$79,$A$30:$A$79,A25,$D$30:$D$79,"Vacation Leave",$H$30:$H$79,"Approved") | O25: =M25-N25
A26: ='02_Employee_Master'!A25 | B26: ='02_Employee_Master'!B25 | C26: ='02_Employee_Master'!D25 | D26: ='01_Config'!G29 | E26: =SUMIFS($E$30:$E$79,$A$30:$A$79,A26,$D$30:$D$79,"Planned Leave",$H$30:$H$79,"Approved") | F26: =D26-E26 | G26: ='01_Config'!G30 | H26: =SUMIFS($E$30:$E$79,$A$30:$A$79,A26,$D$30:$D$79,"Unplanned Leave",$H$30:$H$79,"Approved") | I26: =G26-H26 | J26: ='01_Config'!G31 | K26: =SUMIFS($E$30:$E$79,$A$30:$A$79,A26,$D$30:$D$79,"Sick Leave",$H$30:$H$79,"Approved") | L26: =J26-K26 | M26: ='01_Config'!G32 | N26: =SUMIFS($E$30:$E$79,$A$30:$A$79,A26,$D$30:$D$79,"Vacation Leave",$H$30:$H$79,"Approved") | O26: =M26-N26
A28: LEAVE APPLICATIONS & APPROVAL WORKFLOW
A29: Emp ID | B29: Employee Name | C29: Department | D29: Leave Type | E29: Days | F29: From Date | G29: To Date | H29: Approval Status | I29: Approver | J29: Manager Remarks
A30: PL-004 | B30: =IFERROR(VLOOKUP(A30,'02_Employee_Master'!$A$6:$B$25,2,FALSE),"") | C30: =IFERROR(VLOOKUP(A30,'02_Employee_Master'!$A$6:$D$25,4,FALSE),"") | D30: Planned Leave | E30: 2 | F30: 46273 | G30: 46274 | H30: Approved | I30: Sneha Patel | J30: Family function — approved
A31: PL-007 | B31: =IFERROR(VLOOKUP(A31,'02_Employee_Master'!$A$6:$B$25,2,FALSE),"") | C31: =IFERROR(VLOOKUP(A31,'02_Employee_Master'!$A$6:$D$25,4,FALSE),"") | D31: Sick Leave | E31: 1 | F31: 46268 | G31: 46268 | H31: Approved | I31: Vikram Singh | J31: Fever — certificate received
A32: PL-010 | B32: =IFERROR(VLOOKUP(A32,'02_Employee_Master'!$A$6:$B$25,2,FALSE),"") | C32: =IFERROR(VLOOKUP(A32,'02_Employee_Master'!$A$6:$D$25,4,FALSE),"") | D32: Unplanned Leave | E32: 1 | F32: 46276 | G32: 46276 | H32: Approved | I32: Vikram Singh | J32: Emergency at home
A33: PL-005 | B33: =IFERROR(VLOOKUP(A33,'02_Employee_Master'!$A$6:$B$25,2,FALSE),"") | C33: =IFERROR(VLOOKUP(A33,'02_Employee_Master'!$A$6:$D$25,4,FALSE),"") | D33: Vacation Leave | E33: 3 | F33: 46287 | G33: 46289 | H33: Pending | I33: Vikram Singh
A34: PL-014 | B34: =IFERROR(VLOOKUP(A34,'02_Employee_Master'!$A$6:$B$25,2,FALSE),"") | C34: =IFERROR(VLOOKUP(A34,'02_Employee_Master'!$A$6:$D$25,4,FALSE),"") | D34: Planned Leave | E34: 1 | F34: 46280 | G34: 46280 | H34: Rejected | I34: Sneha Patel | J34: Short staffing on that day
A35: PL-016 | B35: =IFERROR(VLOOKUP(A35,'02_Employee_Master'!$A$6:$B$25,2,FALSE),"") | C35: =IFERROR(VLOOKUP(A35,'02_Employee_Master'!$A$6:$D$25,4,FALSE),"") | D35: Sick Leave | E35: 2 | F35: 46269 | G35: 46270 | H35: Approved | I35: Fatima Khan | J35: Medical advice
A36: PL-011 | B36: =IFERROR(VLOOKUP(A36,'02_Employee_Master'!$A$6:$B$25,2,FALSE),"") | C36: =IFERROR(VLOOKUP(A36,'02_Employee_Master'!$A$6:$D$25,4,FALSE),"") | D36: Planned Leave | E36: 1 | F36: 46283 | G36: 46283 | H36: Approved | I36: Vikram Singh | J36: OK
A37: PL-008 | B37: =IFERROR(VLOOKUP(A37,'02_Employee_Master'!$A$6:$B$25,2,FALSE),"") | C37: =IFERROR(VLOOKUP(A37,'02_Employee_Master'!$A$6:$D$25,4,FALSE),"") | D37: Unplanned Leave | E37: 1 | F37: 46267 | G37: 46267 | H37: Pending | I37: Meera Iyer | J37: Awaiting confirmation
B38: =IF(A38="","",IFERROR(VLOOKUP(A38,'02_Employee_Master'!$A$6:$B$25,2,FALSE),"")) | C38: =IF(A38="","",IFERROR(VLOOKUP(A38,'02_Employee_Master'!$A$6:$D$25,4,FALSE),""))
B39: =IF(A39="","",IFERROR(VLOOKUP(A39,'02_Employee_Master'!$A$6:$B$25,2,FALSE),"")) | C39: =IF(A39="","",IFERROR(VLOOKUP(A39,'02_Employee_Master'!$A$6:$D$25,4,FALSE),""))
B40: =IF(A40="","",IFERROR(VLOOKUP(A40,'02_Employee_Master'!$A$6:$B$25,2,FALSE),"")) | C40: =IF(A40="","",IFERROR(VLOOKUP(A40,'02_Employee_Master'!$A$6:$D$25,4,FALSE),""))
B41: =IF(A41="","",IFERROR(VLOOKUP(A41,'02_Employee_Master'!$A$6:$B$25,2,FALSE),"")) | C41: =IF(A41="","",IFERROR(VLOOKUP(A41,'02_Employee_Master'!$A$6:$D$25,4,FALSE),""))
B42: =IF(A42="","",IFERROR(VLOOKUP(A42,'02_Employee_Master'!$A$6:$B$25,2,FALSE),"")) | C42: =IF(A42="","",IFERROR(VLOOKUP(A42,'02_Employee_Master'!$A$6:$D$25,4,FALSE),""))
B43: =IF(A43="","",IFERROR(VLOOKUP(A43,'02_Employee_Master'!$A$6:$B$25,2,FALSE),"")) | C43: =IF(A43="","",IFERROR(VLOOKUP(A43,'02_Employee_Master'!$A$6:$D$25,4,FALSE),""))
B44: =IF(A44="","",IFERROR(VLOOKUP(A44,'02_Employee_Master'!$A$6:$B$25,2,FALSE),"")) | C44: =IF(A44="","",IFERROR(VLOOKUP(A44,'02_Employee_Master'!$A$6:$D$25,4,FALSE),""))
B45: =IF(A45="","",IFERROR(VLOOKUP(A45,'02_Employee_Master'!$A$6:$B$25,2,FALSE),"")) | C45: =IF(A45="","",IFERROR(VLOOKUP(A45,'02_Employee_Master'!$A$6:$D$25,4,FALSE),""))
B46: =IF(A46="","",IFERROR(VLOOKUP(A46,'02_Employee_Master'!$A$6:$B$25,2,FALSE),"")) | C46: =IF(A46="","",IFERROR(VLOOKUP(A46,'02_Employee_Master'!$A$6:$D$25,4,FALSE),""))
B47: =IF(A47="","",IFERROR(VLOOKUP(A47,'02_Employee_Master'!$A$6:$B$25,2,FALSE),"")) | C47: =IF(A47="","",IFERROR(VLOOKUP(A47,'02_Employee_Master'!$A$6:$D$25,4,FALSE),""))
B48: =IF(A48="","",IFERROR(VLOOKUP(A48,'02_Employee_Master'!$A$6:$B$25,2,FALSE),"")) | C48: =IF(A48="","",IFERROR(VLOOKUP(A48,'02_Employee_Master'!$A$6:$D$25,4,FALSE),""))
B49: =IF(A49="","",IFERROR(VLOOKUP(A49,'02_Employee_Master'!$A$6:$B$25,2,FALSE),"")) | C49: =IF(A49="","",IFERROR(VLOOKUP(A49,'02_Employee_Master'!$A$6:$D$25,4,FALSE),""))
... B79: =IF(A79="","",IFERROR(VLOOKUP(A79,'02_Employee_Master'!$A$6:$B$25,2,FALSE),"")) | C79: =IF(A79="","",IFERROR(VLOOKUP(A79,'02_Employee_Master'!$A$6:$D$25,4,FALSE),""))

Sheet 06_Dashboard
A1: PATHCARE DIAGNOSTICS · Pathology Laboratory
A2: WORKFORCE DASHBOARD
A3: Live management view · September 2026 · Formula-driven from Master / Roster / Attendance / Leave
B5: KEY PERFORMANCE INDICATORS
B6: TOTAL EMPLOYEES | C6: ACTIVE STAFF | D6: INACTIVE | E6: ON LEAVE (apps) | F6: PENDING LEAVE
B7: =COUNTA('02_Employee_Master'!A6:A45) | C7: =COUNTIF('02_Employee_Master'!L6:L45,"Active") | D7: =COUNTIF('02_Employee_Master'!L6:L45,"Inactive") | E7: =COUNTIF('05_Leave'!H30:H79,"Approved") | F7: =COUNTIF('05_Leave'!H30:H79,"Pending")
B9: ATTENDANCE SNAPSHOT — Day 15 of month (change formula day refs as needed)
B10: Present | C10: Absent | D10: Late | E10: On Leave | F10: Att % (month avg)
B11: =COUNTIF('04_Attendance'!S8:S27,"P")+COUNTIF('04_Attendance'!S8:S27,"L")+COUNTIF('04_Attendance'!S8:S27,"WFO")+COUNTIF('04_Attendance'!S8:S27,"OT") | C11: =COUNTIF('04_Attendance'!S8:S27,"A") | D11: =COUNTIF('04_Attendance'!S8:S27,"L") | E11: =COUNTIF('04_Attendance'!S8:S27,"PL")+COUNTIF('04_Attendance'!S8:S27,"UL")+COUNTIF('04_Attendance'!S8:S27,"VL")+COUNTIF('04_Attendance'!S8:S27,"SL") | F11: =IFERROR(AVERAGE('04_Attendance'!AQ8:AQ27),0)
B13: SHIFT-WISE HEADCOUNT — Roster Day 15 | H13: DEPARTMENT-WISE ACTIVE HEADCOUNT
B14: Morning | C14: Evening | D14: Night | H14: Department | I14: Active | J14: Avg Att % | K14: On Leave (bal SL used)
B15: =COUNTIF('03_Roster'!S8:S27,"M") | C15: =COUNTIF('03_Roster'!S8:S27,"E") | D15: =COUNTIF('03_Roster'!S8:S27,"N") | H15: Hematology | I15: =COUNTIFS('02_Employee_Master'!$D$6:$D$45,H15,'02_Employee_Master'!$L$6:$L$45,"Active") | J15: =IFERROR(AVERAGEIF('04_Attendance'!$C$8:$C$27,H15,'04_Attendance'!$AQ$8:$AQ$27),"") | K15: =SUMIF('05_Leave'!$C$7:$C$26,H15,'05_Leave'!$K$7:$K$26)
H16: Biochemistry | I16: =COUNTIFS('02_Employee_Master'!$D$6:$D$45,H16,'02_Employee_Master'!$L$6:$L$45,"Active") | J16: =IFERROR(AVERAGEIF('04_Attendance'!$C$8:$C$27,H16,'04_Attendance'!$AQ$8:$AQ$27),"") | K16: =SUMIF('05_Leave'!$C$7:$C$26,H16,'05_Leave'!$K$7:$K$26)
B17: LEAVE SUMMARY (this period) | H17: Microbiology | I17: =COUNTIFS('02_Employee_Master'!$D$6:$D$45,H17,'02_Employee_Master'!$L$6:$L$45,"Active") | J17: =IFERROR(AVERAGEIF('04_Attendance'!$C$8:$C$27,H17,'04_Attendance'!$AQ$8:$AQ$27),"") | K17: =SUMIF('05_Leave'!$C$7:$C$26,H17,'05_Leave'!$K$7:$K$26)
B18: Approved applications | D18: =COUNTIF('05_Leave'!H30:H79,"Approved") | H18: Histopathology | I18: =COUNTIFS('02_Employee_Master'!$D$6:$D$45,H18,'02_Employee_Master'!$L$6:$L$45,"Active") | J18: =IFERROR(AVERAGEIF('04_Attendance'!$C$8:$C$27,H18,'04_Attendance'!$AQ$8:$AQ$27),"") | K18: =SUMIF('05_Leave'!$C$7:$C$26,H18,'05_Leave'!$K$7:$K$26)
B19: Pending approvals | D19: =COUNTIF('05_Leave'!H30:H79,"Pending") | H19: Phlebotomy | I19: =COUNTIFS('02_Employee_Master'!$D$6:$D$45,H19,'02_Employee_Master'!$L$6:$L$45,"Active") | J19: =IFERROR(AVERAGEIF('04_Attendance'!$C$8:$C$27,H19,'04_Attendance'!$AQ$8:$AQ$27),"") | K19: =SUMIF('05_Leave'!$C$7:$C$26,H19,'05_Leave'!$K$7:$K$26)
B20: Rejected | D20: =COUNTIF('05_Leave'!H30:H79,"Rejected") | H20: Sample Receiving | I20: =COUNTIFS('02_Employee_Master'!$D$6:$D$45,H20,'02_Employee_Master'!$L$6:$L$45,"Active") | J20: =IFERROR(AVERAGEIF('04_Attendance'!$C$8:$C$27,H20,'04_Attendance'!$AQ$8:$AQ$27),"") | K20: =SUMIF('05_Leave'!$C$7:$C$26,H20,'05_Leave'!$K$7:$K$26)
B21: Total leave days approved | D21: =SUMIF('05_Leave'!H30:H79,"Approved",'05_Leave'!E30:E79) | H21: Quality Assurance | I21: =COUNTIFS('02_Employee_Master'!$D$6:$D$45,H21,'02_Employee_Master'!$L$6:$L$45,"Active") | J21: =IFERROR(AVERAGEIF('04_Attendance'!$C$8:$C$27,H21,'04_Attendance'!$AQ$8:$AQ$27),"") | K21: =SUMIF('05_Leave'!$C$7:$C$26,H21,'05_Leave'!$K$7:$K$26)
H22: Administration | I22: =COUNTIFS('02_Employee_Master'!$D$6:$D$45,H22,'02_Employee_Master'!$L$6:$L$45,"Active") | J22: =IFERROR(AVERAGEIF('04_Attendance'!$C$8:$C$27,H22,'04_Attendance'!$AQ$8:$AQ$27),"") | K22: =SUMIF('05_Leave'!$C$7:$C$26,H22,'05_Leave'!$K$7:$K$26)
B24: MONTHLY ATTENDANCE TREND (Present headcount by day)
B25: Day | C25: Present
B26: 1 | C26: ='04_Attendance'!E28
B27: 2 | C27: ='04_Attendance'!F28
B28: 3 | C28: ='04_Attendance'!G28
B29: 4 | C29: ='04_Attendance'!H28
B30: 5 | C30: ='04_Attendance'!I28
B31: 6 | C31: ='04_Attendance'!J28
B32: 7 | C32: ='04_Attendance'!K28
B33: 8 | C33: ='04_Attendance'!L28
B34: 9 | C34: ='04_Attendance'!M28
B35: 10 | C35: ='04_Attendance'!N28
B36: 11 | C36: ='04_Attendance'!O28
B37: 12 | C37: ='04_Attendance'!P28
B38: 13 | C38: ='04_Attendance'!Q28
B39: 14 | C39: ='04_Attendance'!R28
B40: 15 | C40: ='04_Attendance'!S28
B41: 16 | C41: ='04_Attendance'!T28
B42: 17 | C42: ='04_Attendance'!U28
B43: 18 | C43: ='04_Attendance'!V28
B44: 19 | C44: ='04_Attendance'!W28
B45: 20 | C45: ='04_Attendance'!X28
B46: 21 | C46: ='04_Attendance'!Y28
B47: 22 | C47: ='04_Attendance'!Z28
B48: 23 | C48: ='04_Attendance'!AA28
B49: 24 | C49: ='04_Attendance'!AB28
B50: 25 | C50: ='04_Attendance'!AC28
B51: 26 | C51: ='04_Attendance'!AD28
B52: 27 | C52: ='04_Attendance'!AE28
B53: 28 | C53: ='04_Attendance'!AF28
B54: 29 | C54: ='04_Attendance'!AG28
B55: 30 | C55: ='04_Attendance'!AH28
B56: 31 | C56: ='04_Attendance'!AI28
B58: Manager tip: To change month — set Roster B5/D5, clear old roster & attendance marks, then re-enter. Dashboard KPIs/charts recalculate automatically. Snapshot formulas currently reference Day 15; change the column letter for another day. See 00_Home for the full month-change checklist. Print this sheet in landscape for monthly review.
