Workbook

Sheet Executive_Summary
A1: ASK-DB cost showcase — Executive summary
A2: Indicative Capgemini Studio GPT rates · token model from ASK-DB (2,500 no-narr / 6,000 with-narr). Edit yellow cells on Assumptions — this page updates automatically.
A4: Key volume inputs
A5: Showcase questions / month | B5: =Assumptions!B9
A6: Derived questions / month (active × Q) | B6: =Assumptions!B8
A7: Narration mix | B7: =TEXT(Assumptions!B10,"0%")&" with narr / "&TEXT(Assumptions!B11,"0%")&" without"
A8: Blended tokens / question | B8: =Assumptions!B17
A10: LLM monthly cost @ showcase volume (blended)
A11: Tier | B11: Model | C11: $/1M tokens | D11: Monthly blended | E11: Annual blended | F11: Q per $1 (no narr)
A12: Small | B12: GPT-5 nano | C12: =Assumptions!B20 | D12: =Monthly_Volume_Cost!D8 | E12: =Monthly_Volume_Cost!E8 | F12: =LLM_Unit_Economics!E5
A13: Medium | B13: GPT-5 mini | C13: =Assumptions!B21 | D13: =Monthly_Volume_Cost!D9 | E13: =Monthly_Volume_Cost!E9 | F13: =LLM_Unit_Economics!E6
A14: High | B14: GPT-5.1 | C14: =Assumptions!B22 | D14: =Monthly_Volume_Cost!D10 | E14: =Monthly_Volume_Cost!E10 | F14: =LLM_Unit_Economics!E7
A16: Vs classic BI + warehouse (indicative)
A17: Path | B17: Monthly | C17: Annual
A18: Classic BI + Snowflake stack | B18: =BI_Warehouse_Compare!B22 | C18: =BI_Warehouse_Compare!C22
A19: ASK-DB High blended (showcase) | B19: =D14 | C19: =E14
A20: ASK-DB Medium blended (showcase) | B20: =D13 | C20: =E13
A22: Talking points for leadership
A23: 1. SQL-first Chat (no LLM narration) uses ~2,500 tokens/Q — default Insights/Table/Chart path.
A24: 2. Narration chip is opt-in; at High tier + 30k Q, 100% narration ≈ $1,800/mo vs ~$750 at 0% narration.
A25: 3. $1 buys 1M tokens only at $1/1M pricing; nano ($0.20) → 5M tokens/$1; GPT-5.1 ($10) → 100k tokens/$1.
A26: 4. Classic BI cost is mostly fixed seats + warehouse; ASK-DB LLM is usage-based on existing Postgres.
A27: 5. Replace yellow BI/Snowflake placeholders with your enterprise quotes before final business case.
A28: 6. Rates are Capgemini Studio INDICATIVE — confirm against current gateway pricing.

Sheet Assumptions
A1: ASK-DB · LLM vs BI cost comparison — Assumptions
A2: Yellow cells are editable inputs. All other sheets use formulas. Capgemini Studio rates are INDICATIVE for showcase — not contractual invoices. Power BI / Snowflake figures are market placeholders — replace with your quotes.
A4: Volume scenario
A5: Named users | B5: 50 | C5: Org seats
A6: Active users / month | B6: 45 | C6: Who actually ask
A7: Questions / active user / month | B7: 100 | C7: Planning figure
A8: Derived monthly questions (active × Q) | B8: =B6*B7 | C8: Secondary scenario (45×100 = 4,500)
A9: Showcase monthly questions | B9: 30000 | C9: Primary slide volume
A10: % questions with narration | B10: 0.2 | C10: LLM narration path
A11: % questions without narration | B11: =1-B10
A12: Months / year | B12: 12
A14: Token assumptions (from config/llm_catalog.py)
A15: Tokens / question (no narration) | B15: 2500 | C15: SQL NLQ path
A16: Tokens / question (with narration) | B16: 6000 | C16: SQL + LLM narration
A17: Blended tokens / question | B17: =B11*B15+B10*B16 | C17: Weighted by narration mix
A19: GPT tier rates — USD per 1M tokens (indicative Studio)
A20: Small — GPT-5 nano ($/1M) | B20: 0.2 | C20: openai.gpt-5-nano
A21: Medium — GPT-5 mini ($/1M) | B21: 0.8 | C21: openai.gpt-5-mini
A22: High — GPT-5.1 ($/1M) | B22: 10 | C22: openai.gpt-5.1
A24: Classic BI / warehouse placeholders (replace with quotes)
A25: Power BI Pro $/user/month | B25: 14 | C25: Self-serve viz seat
A26: Power BI Premium capacity $/month | B26: 5000 | C26: Optional shared capacity
A27: Use Premium instead of Pro? (1=yes,0=no) | B27: 0 | C27: 0 = Pro×users; 1 = Premium only
A28: Snowflake compute $/month | B28: 2500 | C28: Indicative warehouse credits
A29: Snowflake storage $/month | B29: 200 | C29: Indicative storage
A30: Dashboard build / maint $/month | B30: 1500 | C30: Amortized BI build effort
A32: Named ranges (cell map)
A33: B5 NamedUsers B6 ActiveUsers B7 QPerUser B8 DerivedQ B9 ShowcaseQ
A34: B10 PctNarr B11 PctNoNarr B12 Months B15 TokNoNarr B16 TokNarr B17 TokBlend
A35: B20 RateSmall B21 RateMed B22 RateHigh
A36: B25–B30 BI/Snowflake placeholders
A37: Note: $1 = 1M tokens ONLY when rate = $1.00/1M. At nano $0.20, $1 buys 5M tokens; at GPT-5.1 $10, $1 buys 100k tokens.

Sheet LLM_Unit_Economics
A1: LLM unit economics by GPT tier
A2: Formulas reference Assumptions. Cost/Q = tokens × ($/1M) / 1,000,000
A4: Tier | B4: Model | C4: USD / 1M tokens | D4: Tokens per $1 | E4: Questions per $1 (no narr) | F4: Questions per $1 (with narr) | G4: Cost / Q (no narr) | H4: Cost / Q (with narr) | I4: Cost / Q (blended)
A5: Small | B5: GPT-5 nano | C5: =Assumptions!B20 | D5: =IF(C5=0,0,1000000/C5) | E5: =IF(OR(C5=0,Assumptions!B15=0),0,INT(D5/Assumptions!B15)) | F5: =IF(OR(C5=0,Assumptions!B16=0),0,INT(D5/Assumptions!B16)) | G5: =Assumptions!B15*C5/1000000 | H5: =Assumptions!B16*C5/1000000 | I5: =Assumptions!B17*C5/1000000
A6: Medium | B6: GPT-5 mini | C6: =Assumptions!B21 | D6: =IF(C6=0,0,1000000/C6) | E6: =IF(OR(C6=0,Assumptions!B15=0),0,INT(D6/Assumptions!B15)) | F6: =IF(OR(C6=0,Assumptions!B16=0),0,INT(D6/Assumptions!B16)) | G6: =Assumptions!B15*C6/1000000 | H6: =Assumptions!B16*C6/1000000 | I6: =Assumptions!B17*C6/1000000
A7: High | B7: GPT-5.1 | C7: =Assumptions!B22 | D7: =IF(C7=0,0,1000000/C7) | E7: =IF(OR(C7=0,Assumptions!B15=0),0,INT(D7/Assumptions!B15)) | F7: =IF(OR(C7=0,Assumptions!B16=0),0,INT(D7/Assumptions!B16)) | G7: =Assumptions!B15*C7/1000000 | H7: =Assumptions!B16*C7/1000000 | I7: =Assumptions!B17*C7/1000000
A9: How to read
A10: Questions per $1 (no narr) ≈ how many SQL-only Chat answers $1 buys at that tier. Blended uses Assumptions narration mix. Prefer Insights/Table/Chart (no LLM narration) to stay near the no-narration column.

Sheet Monthly_Volume_Cost
A1: Monthly & annual LLM cost by volume scenario
A2: Primary showcase = Assumptions!B9 (default 30,000). Secondary = derived active×Q (Assumptions!B8).
A4: Scenario A — Showcase volume (primary)
A5: Monthly questions | B5: =Assumptions!B9
A7: Tier | B7: Monthly 100% no-narr | C7: Monthly 100% with-narr | D7: Monthly blended | E7: Annual blended | F7: Cost / answered Q (blended)
A8: Small | B8: =$B$5*Assumptions!$B$15*Assumptions!B20/1000000 | C8: =$B$5*Assumptions!$B$16*Assumptions!B20/1000000 | D8: =$B$5*Assumptions!$B$17*Assumptions!B20/1000000 | E8: =D8*Assumptions!$B$12 | F8: =IF($B$5=0,0,D8/$B$5)
A9: Medium | B9: =$B$5*Assumptions!$B$15*Assumptions!B21/1000000 | C9: =$B$5*Assumptions!$B$16*Assumptions!B21/1000000 | D9: =$B$5*Assumptions!$B$17*Assumptions!B21/1000000 | E9: =D9*Assumptions!$B$12 | F9: =IF($B$5=0,0,D9/$B$5)
A10: High | B10: =$B$5*Assumptions!$B$15*Assumptions!B22/1000000 | C10: =$B$5*Assumptions!$B$16*Assumptions!B22/1000000 | D10: =$B$5*Assumptions!$B$17*Assumptions!B22/1000000 | E10: =D10*Assumptions!$B$12 | F10: =IF($B$5=0,0,D10/$B$5)
A12: Scenario B — Derived volume (45 × 100)
A13: Monthly questions | B13: =Assumptions!B8
A15: Tier | B15: Monthly 100% no-narr | C15: Monthly 100% with-narr | D15: Monthly blended | E15: Annual blended | F15: Cost / answered Q (blended)
A16: Small | B16: =$B$13*Assumptions!$B$15*Assumptions!B20/1000000 | C16: =$B$13*Assumptions!$B$16*Assumptions!B20/1000000 | D16: =$B$13*Assumptions!$B$17*Assumptions!B20/1000000 | E16: =D16*Assumptions!$B$12 | F16: =IF($B$13=0,0,D16/$B$13)
A17: Medium | B17: =$B$13*Assumptions!$B$15*Assumptions!B21/1000000 | C17: =$B$13*Assumptions!$B$16*Assumptions!B21/1000000 | D17: =$B$13*Assumptions!$B$17*Assumptions!B21/1000000 | E17: =D17*Assumptions!$B$12 | F17: =IF($B$13=0,0,D17/$B$13)
A18: High | B18: =$B$13*Assumptions!$B$15*Assumptions!B22/1000000 | C18: =$B$13*Assumptions!$B$16*Assumptions!B22/1000000 | D18: =$B$13*Assumptions!$B$17*Assumptions!B22/1000000 | E18: =D18*Assumptions!$B$12 | F18: =IF($B$13=0,0,D18/$B$13)
A20: Sensitivity — High tier @ showcase volume (narration mix)
A21: Narration % | B21: Blended tokens/Q | C21: Monthly LLM cost | D21: Annual LLM cost
A22: 0 | B22: =(1-A22)*Assumptions!$B$15+A22*Assumptions!$B$16 | C22: =Assumptions!$B$9*B22*Assumptions!$B$22/1000000 | D22: =C22*Assumptions!$B$12
A23: 0.2 | B23: =(1-A23)*Assumptions!$B$15+A23*Assumptions!$B$16 | C23: =Assumptions!$B$9*B23*Assumptions!$B$22/1000000 | D23: =C23*Assumptions!$B$12
A24: 0.5 | B24: =(1-A24)*Assumptions!$B$15+A24*Assumptions!$B$16 | C24: =Assumptions!$B$9*B24*Assumptions!$B$22/1000000 | D24: =C24*Assumptions!$B$12
A25: 1 | B25: =(1-A25)*Assumptions!$B$15+A25*Assumptions!$B$16 | C25: =Assumptions!$B$9*B25*Assumptions!$B$22/1000000 | D25: =C25*Assumptions!$B$12
A27: Talking point: at High tier and 30k Q/month, 0% narration ≈ $750/mo; 100% narration ≈ $1,800/mo. Product default (Insights without LLM narration) stays near the low end.
A29: Chart data — Showcase blended monthly by tier
A30: Tier | B30: Monthly blended $
A31: Small | B31: =D8
A32: Medium | B32: =D9
A33: High | B33: =D10

Sheet BI_Warehouse_Compare
A1: Indicative classic BI / warehouse vs ASK-DB LLM path
A2: Not 1:1 feature parity. Classic path = license + warehouse + dashboard effort. ASK-DB path = existing Postgres + usage-based LLM (SQL-first; narration optional). Replace yellow BI/Snowflake placeholders with your quotes.
A4: Classic BI + warehouse stack (monthly)
A5: Line item | B5: Monthly USD | C5: Notes
A6: Power BI Pro (users × $/user) | B6: =IF(Assumptions!B27=1,0,Assumptions!B5*Assumptions!B25) | C6: If Premium flag=1, Pro line is $0
A7: Power BI Premium capacity | B7: =IF(Assumptions!B27=1,Assumptions!B26,0) | C7: Used when Premium flag=1
A8: Snowflake compute | B8: =Assumptions!B28 | C8: Indicative credits
A9: Snowflake storage | B9: =Assumptions!B29
A10: Dashboard build / maintenance (amortized) | B10: =Assumptions!B30
A11: Classic path TOTAL (monthly) | B11: =SUM(B6:B10)
A12: Classic path TOTAL (annual) | B12: =B11*Assumptions!B12
A14: ASK-DB LLM path (monthly) — showcase volume blended
A15: Tier | B15: LLM monthly (blended @ showcase Q) | C15: Annual | D15: Notes
A16: Small | B16: =Monthly_Volume_Cost!D8 | C16: =Monthly_Volume_Cost!E8 | D16: On existing Postgres — no Snowflake line assumed
A17: Medium | B17: =Monthly_Volume_Cost!D9 | C17: =Monthly_Volume_Cost!E9
A18: High | B18: =Monthly_Volume_Cost!D10 | C18: =Monthly_Volume_Cost!E10
A20: Side-by-side monthly (showcase)
A21: Path | B21: Monthly USD | C21: Annual USD | D21: Cost / Q (vs showcase Q)
A22: Classic BI + Snowflake stack | B22: =B11 | C22: =B12 | D22: =IF(Assumptions!B9=0,0,B22/Assumptions!B9)
A23: ASK-DB LLM — Small blended | B23: =B16 | C23: =C16 | D23: =IF(Assumptions!B9=0,0,B23/Assumptions!B9)
A24: ASK-DB LLM — Medium blended | B24: =B17 | C24: =C17 | D24: =IF(Assumptions!B9=0,0,B24/Assumptions!B9)
A25: ASK-DB LLM — High blended | B25: =B18 | C25: =C18 | D25: =IF(Assumptions!B9=0,0,B25/Assumptions!B9)
A27: Chart data
A28: Path | B28: Monthly $
A29: Classic BI+DW | B29: =B22
A30: ASK-DB Small | B30: =B23
A31: ASK-DB Medium | B31: =B24
A32: ASK-DB High | B32: =B25
A34: Caveat: Classic stack often still needs a data platform you already pay for; ASK-DB LLM is incremental usage on top of Postgres. If Snowflake is mandatory for other workloads, add it to both sides or keep it as shared corporate cost.
